zone,machine,latitude,longitude,spot,in,out
1A,n01,42.843192,-2.669368,1,10:13:14,10:28:14
1A,n01,42.843192,-2.669368,1,10:41:15,10:56:15
1A,n01,42.843192,-2.669368,1,11:01:42,12:01:42
1A,n01,42.843192,-2.669368,1,12:02:39,13:02:39
1A,n01,42.843192,-2.669368,1,13:07:23,13:37:23
1A,n01,42.843192,-2.669368,1,13:44:36,13:59:36
1A,n01,42.843192,-2.669368,1,16:48:27,18:18:27
1A,n01,42.843192,-2.669368,1,18:33:46,18:48:46
1A,n01,42.843192,-2.669368,1,18:50:11,19:05:11
1A,n01,42.843192,-2.669368,1,19:27:53,20:57:53
1A,n01,42.843192,-2.669368,2,10:20:06,10:35:06
1A,n01,42.843192,-2.669368,2,10:42:46,11:12:46
1A,n01,42.843192,-2.669368,2,11:32:24,13:02:24
1A,n01,42.843192,-2.669368,2,13:07:35,14:37:35
1A,n01,42.843192,-2.669368,2,16:00:50,16:15:50
1A,n01,42.843192,-2.669368,2,16:35:07,17:05:07
1A,n01,42.843192,-2.669368,2,17:11:53,18:41:53
1A,n01,42.843192,-2.669368,2,19:02:06,20:32:06
1A,n01,42.843192,-2.669368,3,10:30:15,11:30:15
1A,n01,42.843192,-2.669368,3,11:49:41,12:04:41
1A,n01,42.843192,-2.669368,3,12:26:03,12:56:03
1A,n01,42.843192,-2.669368,3,13:14:40,14:14:40
1A,n01,42.843192,-2.669368,3,16:22:17,17:52:17
1A,n01,42.843192,-2.669368,3,18:11:21,18:26:21
1A,n01,42.843192,-2.669368,3,18:33:04,18:48:04
1A,n01,42.843192,-2.669368,3,18:51:38,19:06:38
1A,n01,42.843192,-2.669368,3,19:12:49,19:27:49
1A,n01,42.843192,-2.669368,3,19:42:50,19:57:50
1A,n01,42.843192,-2.669368,3,19:58:15,20:28:15
1A,n01,42.843192,-2.669368,4,10:19:45,11:49:45
1A,n01,42.843192,-2.669368,4,11:52:04,12:22:04
1A,n01,42.843192,-2.669368,4,12:22:24,12:37:24
1A,n01,42.843192,-2.669368,4,12:52:36,13:07:36
1A,n01,42.843192,-2.669368,4,13:34:59,13:49:59
1A,n01,42.843192,-2.669368,4,13:50:50,15:20:50
1A,n01,42.843192,-2.669368,4,16:30:28,16:45:28
1A,n01,42.843192,-2.669368,4,16:58:52,18:28:52
1A,n01,42.843192,-2.669368,4,18:29:03,19:29:03
1A,n01,42.843192,-2.669368,4,19:30:45,19:45:45
1A,n01,42.843192,-2.669368,4,19:57:20,20:57:20
1A,n02,42.844329,-2.671206,1,10:21:00,10:36:00
1A,n02,42.844329,-2.671206,1,10:40:48,11:10:48
1A,n02,42.844329,-2.671206,1,11:17:32,12:47:32
1A,n02,42.844329,-2.671206,1,12:58:58,13:13:58
1A,n02,42.844329,-2.671206,1,13:14:32,13:29:32
1A,n02,42.844329,-2.671206,1,13:44:09,14:14:09
1A,n02,42.844329,-2.671206,1,16:15:54,17:15:54
1A,n02,42.844329,-2.671206,1,17:31:48,18:01:48
1A,n02,42.844329,-2.671206,1,18:11:00,19:11:00
1A,n02,42.844329,-2.671206,1,19:15:41,19:45:41
1A,n02,42.844329,-2.671206,1,19:46:19,20:46:19
1A,n02,42.844329,-2.671206,2,10:01:36,10:16:36
1A,n02,42.844329,-2.671206,2,10:27:32,11:57:32
1A,n02,42.844329,-2.671206,2,11:58:08,12:28:08
1A,n02,42.844329,-2.671206,2,12:51:25,13:51:25
1A,n02,42.844329,-2.671206,2,13:55:30,14:25:30
1A,n02,42.844329,-2.671206,2,16:36:08,16:51:08
1A,n02,42.844329,-2.671206,2,17:06:44,18:36:44
1A,n02,42.844329,-2.671206,2,18:43:14,20:13:14
1A,n02,42.844329,-2.671206,3,10:30:52,10:45:52
1A,n02,42.844329,-2.671206,3,10:56:16,12:26:16
1A,n02,42.844329,-2.671206,3,12:26:56,12:56:56
1A,n02,42.844329,-2.671206,3,12:57:30,13:12:30
1A,n02,42.844329,-2.671206,3,13:23:47,13:53:47
1A,n02,42.844329,-2.671206,3,13:55:17,14:10:17
1A,n02,42.844329,-2.671206,3,16:48:22,17:48:22
1A,n02,42.844329,-2.671206,3,18:08:00,19:08:00
1A,n02,42.844329,-2.671206,3,19:21:14,19:36:14
1A,n02,42.844329,-2.671206,3,19:38:57,20:08:57
1A,n02,42.844329,-2.671206,4,10:03:57,10:33:57
1A,n02,42.844329,-2.671206,4,10:42:12,12:12:12
1A,n02,42.844329,-2.671206,4,12:26:15,13:26:15
1A,n02,42.844329,-2.671206,4,13:31:38,13:46:38
1A,n02,42.844329,-2.671206,4,13:47:52,14:17:52
1A,n02,42.844329,-2.671206,4,16:05:12,17:35:12
1A,n02,42.844329,-2.671206,4,17:35:38,18:05:38
1A,n02,42.844329,-2.671206,4,18:08:56,18:23:56
1A,n02,42.844329,-2.671206,4,18:46:11,19:01:11
1A,n02,42.844329,-2.671206,4,19:02:26,19:32:26
1A,n02,42.844329,-2.671206,4,19:33:26,20:03:26
1A,n03,42.844722,-2.673517,1,10:03:38,10:18:38
1A,n03,42.844722,-2.673517,1,10:31:41,10:46:41
1A,n03,42.844722,-2.673517,1,10:56:22,11:26:22
1A,n03,42.844722,-2.673517,1,11:29:35,11:59:35
1A,n03,42.844722,-2.673517,1,12:13:27,12:28:27
1A,n03,42.844722,-2.673517,1,12:38:42,13:08:42
1A,n03,42.844722,-2.673517,1,13:16:45,14:46:45
1A,n03,42.844722,-2.673517,1,16:16:48,16:46:48
1A,n03,42.844722,-2.673517,1,16:48:04,17:03:04
1A,n03,42.844722,-2.673517,1,17:03:38,18:33:38
1A,n03,42.844722,-2.673517,1,18:40:13,18:55:13
1A,n03,42.844722,-2.673517,1,18:56:55,19:11:55
1A,n03,42.844722,-2.673517,1,19:23:42,19:53:42
1A,n03,42.844722,-2.673517,2,10:01:04,11:31:04
1A,n03,42.844722,-2.673517,2,11:39:10,13:09:10
1A,n03,42.844722,-2.673517,2,13:21:51,14:51:51
1A,n03,42.844722,-2.673517,2,16:18:58,17:18:58
1A,n03,42.844722,-2.673517,2,17:45:48,18:00:48
1A,n03,42.844722,-2.673517,2,18:14:16,19:14:16
1A,n03,42.844722,-2.673517,2,19:44:10,19:59:10
1A,n03,42.844722,-2.673517,3,10:01:48,11:01:48
1A,n03,42.844722,-2.673517,3,11:04:23,12:34:23
1A,n03,42.844722,-2.673517,3,13:01:16,13:16:16
1A,n03,42.844722,-2.673517,3,13:24:03,13:39:03
1A,n03,42.844722,-2.673517,3,13:45:19,14:45:19
1A,n03,42.844722,-2.673517,3,16:22:37,17:22:37
1A,n03,42.844722,-2.673517,3,17:29:18,17:44:18
1A,n03,42.844722,-2.673517,3,17:47:15,18:02:15
1A,n03,42.844722,-2.673517,3,18:05:39,19:05:39
1A,n03,42.844722,-2.673517,3,19:18:12,19:48:12
1A,n03,42.844722,-2.673517,3,19:56:28,20:56:28
1A,n03,42.844722,-2.673517,4,10:44:17,10:59:17
1A,n03,42.844722,-2.673517,4,11:02:45,11:17:45
1A,n03,42.844722,-2.673517,4,11:18:17,11:48:17
1A,n03,42.844722,-2.673517,4,11:49:28,12:04:28
1A,n03,42.844722,-2.673517,4,12:10:43,12:25:43
1A,n03,42.844722,-2.673517,4,12:32:04,12:47:04
1A,n03,42.844722,-2.673517,4,13:13:37,14:13:37
1A,n03,42.844722,-2.673517,4,16:39:16,17:39:16
1A,n03,42.844722,-2.673517,4,17:44:50,18:44:50
1A,n03,42.844722,-2.673517,4,18:52:14,19:22:14
1A,n03,42.844722,-2.673517,4,19:32:42,20:32:42
1A,n04,42.846017,-2.674048,1,10:03:24,10:33:24
1A,n04,42.846017,-2.674048,1,10:38:23,11:08:23
1A,n04,42.846017,-2.674048,1,11:32:28,11:47:28
1A,n04,42.846017,-2.674048,1,11:48:10,12:48:10
1A,n04,42.846017,-2.674048,1,12:57:59,13:12:59
1A,n04,42.846017,-2.674048,1,13:34:09,15:04:09
1A,n04,42.846017,-2.674048,1,16:20:34,16:35:34
1A,n04,42.846017,-2.674048,1,16:56:35,17:26:35
1A,n04,42.846017,-2.674048,1,17:42:55,17:57:55
1A,n04,42.846017,-2.674048,1,18:04:47,18:34:47
1A,n04,42.846017,-2.674048,1,18:40:38,19:40:38
1A,n04,42.846017,-2.674048,1,19:55:52,20:55:52
1A,n04,42.846017,-2.674048,2,11:00:29,11:30:29
1A,n04,42.846017,-2.674048,2,11:33:59,11:48:59
1A,n04,42.846017,-2.674048,2,11:49:26,12:19:26
1A,n04,42.846017,-2.674048,2,12:23:22,13:23:22
1A,n04,42.846017,-2.674048,2,13:44:18,14:14:18
1A,n04,42.846017,-2.674048,2,16:35:08,17:05:08
1A,n04,42.846017,-2.674048,2,17:16:27,17:31:27
1A,n04,42.846017,-2.674048,2,17:36:14,17:51:14
1A,n04,42.846017,-2.674048,2,17:53:15,18:23:15
1A,n04,42.846017,-2.674048,2,18:46:51,19:01:51
1A,n04,42.846017,-2.674048,2,19:06:20,20:06:20
1A,n04,42.846017,-2.674048,3,10:14:44,10:29:44
1A,n04,42.846017,-2.674048,3,10:30:24,12:00:24
1A,n04,42.846017,-2.674048,3,12:05:06,13:05:06
1A,n04,42.846017,-2.674048,3,13:15:58,13:30:58
1A,n04,42.846017,-2.674048,3,13:36:32,14:06:32
1A,n04,42.846017,-2.674048,3,16:38:06,17:08:06
1A,n04,42.846017,-2.674048,3,17:13:47,17:28:47
1A,n04,42.846017,-2.674048,3,17:35:30,17:50:30
1A,n04,42.846017,-2.674048,3,17:55:44,18:10:44
1A,n04,42.846017,-2.674048,3,18:12:16,18:42:16
1A,n04,42.846017,-2.674048,3,18:51:01,19:06:01
1A,n04,42.846017,-2.674048,3,19:09:19,19:39:19
1A,n04,42.846017,-2.674048,3,19:46:03,21:16:03
1A,n04,42.846017,-2.674048,4,10:17:38,10:32:38
1A,n04,42.846017,-2.674048,4,10:38:52,11:38:52
1A,n04,42.846017,-2.674048,4,11:42:53,12:42:53
1A,n04,42.846017,-2.674048,4,12:59:23,13:14:23
1A,n04,42.846017,-2.674048,4,13:28:39,14:58:39
1A,n04,42.846017,-2.674048,4,16:33:58,18:03:58
1A,n04,42.846017,-2.674048,4,18:20:40,19:50:40
1A,n04,42.846017,-2.674048,4,19:52:14,20:07:14
1A,n05,42.842084,-2.676660,1,10:51:44,12:21:44
1A,n05,42.842084,-2.676660,1,12:27:44,12:57:44
1A,n05,42.842084,-2.676660,1,12:58:19,13:28:19
1A,n05,42.842084,-2.676660,1,13:31:29,15:01:29
1A,n05,42.842084,-2.676660,1,16:44:49,16:59:49
1A,n05,42.842084,-2.676660,1,17:14:58,17:44:58
1A,n05,42.842084,-2.676660,1,17:51:28,18:21:28
1A,n05,42.842084,-2.676660,1,18:22:31,18:52:31
1A,n05,42.842084,-2.676660,1,18:59:07,19:29:07
1A,n05,42.842084,-2.676660,1,19:41:22,19:56:22
1A,n05,42.842084,-2.676660,1,19:57:36,20:12:36
1A,n05,42.842084,-2.676660,2,10:42:40,11:42:40
1A,n05,42.842084,-2.676660,2,11:53:23,12:53:23
1A,n05,42.842084,-2.676660,2,12:58:27,14:28:27
1A,n05,42.842084,-2.676660,2,16:32:51,17:02:51
1A,n05,42.842084,-2.676660,2,17:03:41,17:18:41
1A,n05,42.842084,-2.676660,2,17:34:33,17:49:33
1A,n05,42.842084,-2.676660,2,17:59:18,18:59:18
1A,n05,42.842084,-2.676660,2,19:00:10,20:30:10
1A,n05,42.842084,-2.676660,3,10:30:04,12:00:04
1A,n05,42.842084,-2.676660,3,12:24:14,12:39:14
1A,n05,42.842084,-2.676660,3,12:46:46,13:46:46
1A,n05,42.842084,-2.676660,3,13:53:12,14:53:12
1A,n05,42.842084,-2.676660,3,16:33:21,17:03:21
1A,n05,42.842084,-2.676660,3,17:08:33,18:08:33
1A,n05,42.842084,-2.676660,3,18:22:58,19:52:58
1A,n05,42.842084,-2.676660,3,19:53:48,20:08:48
1A,n05,42.842084,-2.676660,4,10:46:19,11:16:19
1A,n05,42.842084,-2.676660,4,11:20:52,11:35:52
1A,n05,42.842084,-2.676660,4,11:37:39,12:07:39
1A,n05,42.842084,-2.676660,4,12:09:27,12:39:27
1A,n05,42.842084,-2.676660,4,13:01:13,13:31:13
1A,n05,42.842084,-2.676660,4,13:50:34,14:20:34
1A,n05,42.842084,-2.676660,4,16:07:17,16:22:17
1A,n05,42.842084,-2.676660,4,16:28:27,17:28:27
1A,n05,42.842084,-2.676660,4,17:43:30,19:13:30
1A,n05,42.842084,-2.676660,4,19:23:03,19:53:03
1A,n05,42.842084,-2.676660,4,19:59:31,20:29:31
1A,n06,42.843940,-2.678364,1,10:16:50,11:16:50
1A,n06,42.843940,-2.678364,1,11:22:55,12:52:55
1A,n06,42.843940,-2.678364,1,12:53:04,13:08:04
1A,n06,42.843940,-2.678364,1,13:18:36,13:48:36
1A,n06,42.843940,-2.678364,1,13:50:46,15:20:46
1A,n06,42.843940,-2.678364,1,16:03:42,17:03:42
1A,n06,42.843940,-2.678364,1,17:07:47,17:22:47
1A,n06,42.843940,-2.678364,1,17:25:26,17:40:26
1A,n06,42.843940,-2.678364,1,17:50:53,18:50:53
1A,n06,42.843940,-2.678364,1,18:51:24,19:06:24
1A,n06,42.843940,-2.678364,1,19:12:16,19:27:16
1A,n06,42.843940,-2.678364,1,19:38:47,21:08:47
1A,n06,42.843940,-2.678364,2,10:01:19,11:01:19
1A,n06,42.843940,-2.678364,2,11:05:11,11:20:11
1A,n06,42.843940,-2.678364,2,11:21:40,11:51:40
1A,n06,42.843940,-2.678364,2,12:03:51,12:33:51
1A,n06,42.843940,-2.678364,2,12:43:58,12:58:58
1A,n06,42.843940,-2.678364,2,13:12:00,13:27:00
1A,n06,42.843940,-2.678364,2,13:44:25,13:59:25
1A,n06,42.843940,-2.678364,2,16:20:42,16:35:42
1A,n06,42.843940,-2.678364,2,16:58:33,17:58:33
1A,n06,42.843940,-2.678364,2,18:03:44,19:03:44
1A,n06,42.843940,-2.678364,2,19:05:24,20:05:24
1A,n06,42.843940,-2.678364,3,10:13:30,10:43:30
1A,n06,42.843940,-2.678364,3,10:57:15,11:27:15
1A,n06,42.843940,-2.678364,3,11:30:08,11:45:08
1A,n06,42.843940,-2.678364,3,12:14:59,12:29:59
1A,n06,42.843940,-2.678364,3,12:32:06,13:02:06
1A,n06,42.843940,-2.678364,3,13:07:46,13:22:46
1A,n06,42.843940,-2.678364,3,13:24:05,13:54:05
1A,n06,42.843940,-2.678364,3,13:54:25,14:54:25
1A,n06,42.843940,-2.678364,3,16:33:57,16:48:57
1A,n06,42.843940,-2.678364,3,16:58:14,17:58:14
1A,n06,42.843940,-2.678364,3,18:01:42,18:16:42
1A,n06,42.843940,-2.678364,3,18:21:36,18:51:36
1A,n06,42.843940,-2.678364,3,18:52:21,19:07:21
1A,n06,42.843940,-2.678364,3,19:15:01,19:45:01
1A,n06,42.843940,-2.678364,3,19:46:54,20:01:54
1A,n06,42.843940,-2.678364,4,10:13:52,10:43:52
1A,n06,42.843940,-2.678364,4,10:51:41,11:06:41
1A,n06,42.843940,-2.678364,4,11:17:09,11:47:09
1A,n06,42.843940,-2.678364,4,12:12:13,12:42:13
1A,n06,42.843940,-2.678364,4,12:54:07,13:09:07
1A,n06,42.843940,-2.678364,4,13:14:36,14:14:36
1A,n06,42.843940,-2.678364,4,16:10:02,16:40:02
1A,n06,42.843940,-2.678364,4,16:49:35,17:04:35
1A,n06,42.843940,-2.678364,4,17:12:36,18:42:36
1A,n06,42.843940,-2.678364,4,18:58:31,19:28:31
1A,n06,42.843940,-2.678364,4,19:35:23,19:50:23
1A,n06,42.843940,-2.678364,4,19:50:34,21:20:34
1A,n07,42.843167,-2.676180,1,10:39:32,10:54:32
1A,n07,42.843167,-2.676180,1,11:05:42,11:20:42
1A,n07,42.843167,-2.676180,1,11:31:38,12:31:38
1A,n07,42.843167,-2.676180,1,12:47:41,13:17:41
1A,n07,42.843167,-2.676180,1,13:19:45,14:19:45
1A,n07,42.843167,-2.676180,1,16:38:52,18:08:52
1A,n07,42.843167,-2.676180,1,18:15:35,18:45:35
1A,n07,42.843167,-2.676180,1,18:51:04,19:51:04
1A,n07,42.843167,-2.676180,1,19:54:31,20:54:31
1A,n07,42.843167,-2.676180,2,10:42:49,10:57:49
1A,n07,42.843167,-2.676180,2,11:04:45,11:34:45
1A,n07,42.843167,-2.676180,2,11:41:12,12:11:12
1A,n07,42.843167,-2.676180,2,12:11:13,12:26:13
1A,n07,42.843167,-2.676180,2,12:32:28,13:02:28
1A,n07,42.843167,-2.676180,2,13:18:00,13:48:00
1A,n07,42.843167,-2.676180,2,13:52:41,14:07:41
1A,n07,42.843167,-2.676180,2,16:17:02,17:17:02
1A,n07,42.843167,-2.676180,2,17:21:43,17:36:43
1A,n07,42.843167,-2.676180,2,17:39:56,17:54:56
1A,n07,42.843167,-2.676180,2,17:56:03,18:11:03
1A,n07,42.843167,-2.676180,2,18:17:20,19:17:20
1A,n07,42.843167,-2.676180,2,19:17:52,20:17:52
1A,n07,42.843167,-2.676180,3,10:02:50,10:32:50
1A,n07,42.843167,-2.676180,3,10:39:46,11:39:46
1A,n07,42.843167,-2.676180,3,12:04:54,12:34:54
1A,n07,42.843167,-2.676180,3,12:43:01,12:58:01
1A,n07,42.843167,-2.676180,3,13:13:11,14:43:11
1A,n07,42.843167,-2.676180,3,16:42:27,17:12:27
1A,n07,42.843167,-2.676180,3,17:30:06,18:00:06
1A,n07,42.843167,-2.676180,3,18:02:38,18:17:38
1A,n07,42.843167,-2.676180,3,18:28:37,19:58:37
1A,n07,42.843167,-2.676180,4,10:30:54,12:00:54
1A,n07,42.843167,-2.676180,4,12:06:59,12:21:59
1A,n07,42.843167,-2.676180,4,12:26:19,12:56:19
1A,n07,42.843167,-2.676180,4,13:04:20,14:04:20
1A,n07,42.843167,-2.676180,4,16:01:18,17:31:18
1A,n07,42.843167,-2.676180,4,17:34:42,17:49:42
1A,n07,42.843167,-2.676180,4,18:00:25,18:30:25
1A,n07,42.843167,-2.676180,4,18:41:52,19:11:52
1A,n07,42.843167,-2.676180,4,19:18:06,20:48:06
1A,n08,42.845886,-2.676431,1,10:17:09,10:47:09
1A,n08,42.845886,-2.676431,1,10:56:18,11:11:18
1A,n08,42.845886,-2.676431,1,11:21:11,12:51:11
1A,n08,42.845886,-2.676431,1,12:56:11,13:26:11
1A,n08,42.845886,-2.676431,1,13:30:33,13:45:33
1A,n08,42.845886,-2.676431,1,13:50:40,14:50:40
1A,n08,42.845886,-2.676431,1,16:43:14,17:13:14
1A,n08,42.845886,-2.676431,1,17:18:35,17:48:35
1A,n08,42.845886,-2.676431,1,18:07:48,19:37:48
1A,n08,42.845886,-2.676431,1,19:46:42,20:46:42
1A,n08,42.845886,-2.676431,2,10:23:10,10:53:10
1A,n08,42.845886,-2.676431,2,11:04:36,11:34:36
1A,n08,42.845886,-2.676431,2,11:53:20,12:23:20
1A,n08,42.845886,-2.676431,2,12:38:09,13:38:09
1A,n08,42.845886,-2.676431,2,13:52:26,15:22:26
1A,n08,42.845886,-2.676431,2,16:00:59,16:15:59
1A,n08,42.845886,-2.676431,2,16:30:58,17:00:58
1A,n08,42.845886,-2.676431,2,17:04:57,18:04:57
1A,n08,42.845886,-2.676431,2,18:21:14,19:51:14
1A,n08,42.845886,-2.676431,2,19:53:13,20:53:13
1A,n08,42.845886,-2.676431,3,10:13:25,10:43:25
1A,n08,42.845886,-2.676431,3,10:47:11,11:17:11
1A,n08,42.845886,-2.676431,3,11:18:27,11:48:27
1A,n08,42.845886,-2.676431,3,11:51:51,12:21:51
1A,n08,42.845886,-2.676431,3,12:24:10,13:54:10
1A,n08,42.845886,-2.676431,3,13:57:35,15:27:35
1A,n08,42.845886,-2.676431,3,16:25:09,16:40:09
1A,n08,42.845886,-2.676431,3,16:46:03,17:01:03
1A,n08,42.845886,-2.676431,3,17:04:59,17:34:59
1A,n08,42.845886,-2.676431,3,17:41:30,17:56:30
1A,n08,42.845886,-2.676431,3,18:00:42,19:30:42
1A,n08,42.845886,-2.676431,3,19:46:08,20:01:08
1A,n08,42.845886,-2.676431,4,10:13:24,10:28:24
1A,n08,42.845886,-2.676431,4,10:56:59,11:56:59
1A,n08,42.845886,-2.676431,4,12:06:59,12:36:59
1A,n08,42.845886,-2.676431,4,12:39:10,13:39:10
1A,n08,42.845886,-2.676431,4,13:44:07,14:14:07
1A,n08,42.845886,-2.676431,4,16:04:58,17:34:58
1A,n08,42.845886,-2.676431,4,17:44:42,19:14:42
1A,n08,42.845886,-2.676431,4,19:22:40,20:52:40
1A,n09,42.843505,-2.676943,1,10:39:16,11:09:16
1A,n09,42.843505,-2.676943,1,11:17:27,11:32:27
1A,n09,42.843505,-2.676943,1,11:34:07,12:04:07
1A,n09,42.843505,-2.676943,1,12:04:26,13:34:26
1A,n09,42.843505,-2.676943,1,13:46:10,14:46:10
1A,n09,42.843505,-2.676943,1,16:07:10,16:37:10
1A,n09,42.843505,-2.676943,1,16:44:46,17:14:46
1A,n09,42.843505,-2.676943,1,17:18:46,18:18:46
1A,n09,42.843505,-2.676943,1,18:21:44,18:51:44
1A,n09,42.843505,-2.676943,1,19:11:51,20:41:51
1A,n09,42.843505,-2.676943,2,10:41:00,11:11:00
1A,n09,42.843505,-2.676943,2,11:11:27,11:41:27
1A,n09,42.843505,-2.676943,2,11:47:07,12:17:07
1A,n09,42.843505,-2.676943,2,12:20:31,12:50:31
1A,n09,42.843505,-2.676943,2,12:50:58,13:20:58
1A,n09,42.843505,-2.676943,2,13:28:16,13:43:16
1A,n09,42.843505,-2.676943,2,13:44:33,14:14:33
1A,n09,42.843505,-2.676943,2,16:18:35,17:48:35
1A,n09,42.843505,-2.676943,2,17:51:13,18:06:13
1A,n09,42.843505,-2.676943,2,18:06:44,19:36:44
1A,n09,42.843505,-2.676943,2,19:52:12,20:22:12
1A,n09,42.843505,-2.676943,3,10:05:37,10:20:37
1A,n09,42.843505,-2.676943,3,10:41:14,11:11:14
1A,n09,42.843505,-2.676943,3,11:16:57,11:31:57
1A,n09,42.843505,-2.676943,3,11:54:18,12:54:18
1A,n09,42.843505,-2.676943,3,13:10:10,14:10:10
1A,n09,42.843505,-2.676943,3,16:28:04,17:58:04
1A,n09,42.843505,-2.676943,3,17:59:49,18:29:49
1A,n09,42.843505,-2.676943,3,18:39:39,18:54:39
1A,n09,42.843505,-2.676943,3,19:04:36,19:19:36
1A,n09,42.843505,-2.676943,3,19:35:07,19:50:07
1A,n09,42.843505,-2.676943,3,19:50:11,20:50:11
1A,n09,42.843505,-2.676943,4,10:17:11,10:47:11
1A,n09,42.843505,-2.676943,4,11:05:27,11:20:27
1A,n09,42.843505,-2.676943,4,11:30:09,13:00:09
1A,n09,42.843505,-2.676943,4,13:19:14,14:49:14
1A,n09,42.843505,-2.676943,4,16:17:42,16:47:42
1A,n09,42.843505,-2.676943,4,16:54:14,17:09:14
1A,n09,42.843505,-2.676943,4,17:14:14,18:14:14
1A,n09,42.843505,-2.676943,4,18:22:37,18:37:37
1A,n09,42.843505,-2.676943,4,18:41:59,18:56:59
1A,n09,42.843505,-2.676943,4,19:04:12,20:04:12
1A,n10,42.842216,-2.671651,1,10:32:46,11:02:46
1A,n10,42.842216,-2.671651,1,11:09:19,11:39:19
1A,n10,42.842216,-2.671651,1,11:58:56,12:28:56
1A,n10,42.842216,-2.671651,1,12:33:07,13:33:07
1A,n10,42.842216,-2.671651,1,13:45:19,14:00:19
1A,n10,42.842216,-2.671651,1,16:16:11,17:46:11
1A,n10,42.842216,-2.671651,1,17:56:12,18:11:12
1A,n10,42.842216,-2.671651,1,18:12:16,18:42:16
1A,n10,42.842216,-2.671651,1,18:44:27,19:44:27
1A,n10,42.842216,-2.671651,1,19:45:12,20:00:12
1A,n10,42.842216,-2.671651,2,10:10:06,11:10:06
1A,n10,42.842216,-2.671651,2,11:17:27,11:47:27
1A,n10,42.842216,-2.671651,2,12:02:17,12:32:17
1A,n10,42.842216,-2.671651,2,12:42:04,13:12:04
1A,n10,42.842216,-2.671651,2,13:20:10,13:35:10
1A,n10,42.842216,-2.671651,2,13:47:32,15:17:32
1A,n10,42.842216,-2.671651,2,16:01:07,17:31:07
1A,n10,42.842216,-2.671651,2,17:54:05,18:09:05
1A,n10,42.842216,-2.671651,2,18:18:22,19:48:22
1A,n10,42.842216,-2.671651,2,19:59:44,20:14:44
1A,n10,42.842216,-2.671651,3,10:31:53,12:01:53
1A,n10,42.842216,-2.671651,3,12:17:17,12:47:17
1A,n10,42.842216,-2.671651,3,13:17:01,14:47:01
1A,n10,42.842216,-2.671651,3,16:14:24,16:29:24
1A,n10,42.842216,-2.671651,3,16:36:30,16:51:30
1A,n10,42.842216,-2.671651,3,16:55:35,17:10:35
1A,n10,42.842216,-2.671651,3,17:18:55,17:48:55
1A,n10,42.842216,-2.671651,3,18:06:22,19:06:22
1A,n10,42.842216,-2.671651,3,19:16:30,20:46:30
1A,n10,42.842216,-2.671651,4,10:10:14,10:25:14
1A,n10,42.842216,-2.671651,4,10:54:40,11:09:40
1A,n10,42.842216,-2.671651,4,11:21:56,11:36:56
1A,n10,42.842216,-2.671651,4,11:37:05,13:07:05
1A,n10,42.842216,-2.671651,4,13:24:58,13:39:58
1A,n10,42.842216,-2.671651,4,13:49:51,14:19:51
1A,n10,42.842216,-2.671651,4,16:20:05,16:35:05
1A,n10,42.842216,-2.671651,4,16:37:11,17:37:11
1A,n10,42.842216,-2.671651,4,17:40:54,19:10:54
1A,n10,42.842216,-2.671651,4,19:15:52,19:45:52
1A,n10,42.842216,-2.671651,4,19:47:20,20:17:20
1B,n11,42.841651,-2.663999,1,10:13:14,11:13:14
1B,n11,42.841651,-2.663999,1,11:20:04,11:50:04
1B,n11,42.841651,-2.663999,1,11:52:39,12:22:39
1B,n11,42.841651,-2.663999,1,12:24:27,13:54:27
1B,n11,42.841651,-2.663999,1,13:58:37,15:28:37
1B,n11,42.841651,-2.663999,1,16:25:37,16:55:37
1B,n11,42.841651,-2.663999,1,17:19:10,17:49:10
1B,n11,42.841651,-2.663999,1,18:02:53,18:32:53
1B,n11,42.841651,-2.663999,1,18:43:32,19:13:32
1B,n11,42.841651,-2.663999,1,19:25:58,19:40:58
1B,n11,42.841651,-2.663999,1,19:55:17,21:25:17
1B,n11,42.841651,-2.663999,2,10:07:20,10:22:20
1B,n11,42.841651,-2.663999,2,10:33:58,11:03:58
1B,n11,42.841651,-2.663999,2,11:04:33,11:34:33
1B,n11,42.841651,-2.663999,2,11:42:19,12:42:19
1B,n11,42.841651,-2.663999,2,12:51:17,13:06:17
1B,n11,42.841651,-2.663999,2,13:19:16,14:49:16
1B,n11,42.841651,-2.663999,2,16:32:35,17:32:35
1B,n11,42.841651,-2.663999,2,17:43:05,17:58:05
1B,n11,42.841651,-2.663999,2,17:59:33,18:59:33
1B,n11,42.841651,-2.663999,2,19:19:20,20:49:20
1B,n11,42.841651,-2.663999,3,10:13:55,11:43:55
1B,n11,42.841651,-2.663999,3,12:05:14,13:35:14
1B,n11,42.841651,-2.663999,3,13:38:52,14:08:52
1B,n11,42.841651,-2.663999,3,16:21:42,16:36:42
1B,n11,42.841651,-2.663999,3,17:00:17,18:00:17
1B,n11,42.841651,-2.663999,3,18:09:26,18:24:26
1B,n11,42.841651,-2.663999,3,18:28:40,19:58:40
1B,n11,42.841651,-2.663999,4,10:36:39,10:51:39
1B,n11,42.841651,-2.663999,4,11:18:50,11:48:50
1B,n11,42.841651,-2.663999,4,12:02:45,13:32:45
1B,n11,42.841651,-2.663999,4,13:41:20,14:11:20
1B,n11,42.841651,-2.663999,4,16:14:30,17:44:30
1B,n11,42.841651,-2.663999,4,17:54:41,18:09:41
1B,n11,42.841651,-2.663999,4,18:12:46,19:12:46
1B,n11,42.841651,-2.663999,4,19:28:45,20:28:45
1B,n12,42.842585,-2.666392,1,10:03:16,10:18:16
1B,n12,42.842585,-2.666392,1,10:20:36,10:50:36
1B,n12,42.842585,-2.666392,1,10:56:54,11:11:54
1B,n12,42.842585,-2.666392,1,11:15:20,12:15:20
1B,n12,42.842585,-2.666392,1,12:18:45,12:33:45
1B,n12,42.842585,-2.666392,1,12:40:19,13:40:19
1B,n12,42.842585,-2.666392,1,13:57:48,14:27:48
1B,n12,42.842585,-2.666392,1,16:04:58,16:19:58
1B,n12,42.842585,-2.666392,1,16:49:51,17:19:51
1B,n12,42.842585,-2.666392,1,17:20:23,17:50:23
1B,n12,42.842585,-2.666392,1,17:53:01,18:53:01
1B,n12,42.842585,-2.666392,1,18:55:34,19:10:34
1B,n12,42.842585,-2.666392,1,19:16:10,19:31:10
1B,n12,42.842585,-2.666392,1,19:40:12,20:40:12
1B,n12,42.842585,-2.666392,2,10:13:03,10:43:03
1B,n12,42.842585,-2.666392,2,10:44:21,12:14:21
1B,n12,42.842585,-2.666392,2,12:17:37,12:47:37
1B,n12,42.842585,-2.666392,2,13:08:41,14:38:41
1B,n12,42.842585,-2.666392,2,16:21:48,16:51:48
1B,n12,42.842585,-2.666392,2,16:59:56,17:29:56
1B,n12,42.842585,-2.666392,2,17:30:18,18:00:18
1B,n12,42.842585,-2.666392,2,18:13:17,19:13:17
1B,n12,42.842585,-2.666392,2,19:22:42,19:37:42
1B,n12,42.842585,-2.666392,2,19:41:22,20:41:22
1B,n12,42.842585,-2.666392,3,10:33:30,10:48:30
1B,n12,42.842585,-2.666392,3,11:00:03,11:15:03
1B,n12,42.842585,-2.666392,3,11:20:23,12:20:23
1B,n12,42.842585,-2.666392,3,12:34:10,14:04:10
1B,n12,42.842585,-2.666392,3,16:24:04,17:24:04
1B,n12,42.842585,-2.666392,3,17:24:12,17:39:12
1B,n12,42.842585,-2.666392,3,17:48:46,18:18:46
1B,n12,42.842585,-2.666392,3,18:21:53,19:51:53
1B,n12,42.842585,-2.666392,3,19:53:40,21:23:40
1B,n12,42.842585,-2.666392,4,10:26:50,10:56:50
1B,n12,42.842585,-2.666392,4,10:57:40,11:12:40
1B,n12,42.842585,-2.666392,4,11:16:50,12:16:50
1B,n12,42.842585,-2.666392,4,12:19:45,12:34:45
1B,n12,42.842585,-2.666392,4,12:45:27,13:15:27
1B,n12,42.842585,-2.666392,4,13:45:22,14:15:22
1B,n12,42.842585,-2.666392,4,16:09:36,16:39:36
1B,n12,42.842585,-2.666392,4,16:56:42,17:11:42
1B,n12,42.842585,-2.666392,4,17:11:59,17:26:59
1B,n12,42.842585,-2.666392,4,17:33:16,18:33:16
1B,n12,42.842585,-2.666392,4,18:57:55,20:27:55
1B,n13,42.845994,-2.666712,1,10:20:35,10:35:35
1B,n13,42.845994,-2.666712,1,10:59:05,11:29:05
1B,n13,42.845994,-2.666712,1,11:57:54,13:27:54
1B,n13,42.845994,-2.666712,1,13:35:51,14:35:51
1B,n13,42.845994,-2.666712,1,16:15:09,16:45:09
1B,n13,42.845994,-2.666712,1,16:48:36,17:18:36
1B,n13,42.845994,-2.666712,1,17:49:46,18:19:46
1B,n13,42.845994,-2.666712,1,18:20:29,18:35:29
1B,n13,42.845994,-2.666712,1,18:52:27,19:52:27
1B,n13,42.845994,-2.666712,1,19:56:54,20:11:54
1B,n13,42.845994,-2.666712,2,10:06:52,10:21:52
1B,n13,42.845994,-2.666712,2,10:31:47,12:01:47
1B,n13,42.845994,-2.666712,2,12:30:21,12:45:21
1B,n13,42.845994,-2.666712,2,12:46:19,13:16:19
1B,n13,42.845994,-2.666712,2,13:20:48,13:50:48
1B,n13,42.845994,-2.666712,2,13:58:16,14:13:16
1B,n13,42.845994,-2.666712,2,16:07:18,16:22:18
1B,n13,42.845994,-2.666712,2,16:38:04,17:08:04
1B,n13,42.845994,-2.666712,2,17:11:45,17:26:45
1B,n13,42.845994,-2.666712,2,17:31:01,17:46:01
1B,n13,42.845994,-2.666712,2,18:02:52,19:02:52
1B,n13,42.845994,-2.666712,2,19:08:37,19:38:37
1B,n13,42.845994,-2.666712,2,19:50:19,21:20:19
1B,n13,42.845994,-2.666712,3,10:22:07,10:37:07
1B,n13,42.845994,-2.666712,3,11:03:04,12:03:04
1B,n13,42.845994,-2.666712,3,12:08:28,12:38:28
1B,n13,42.845994,-2.666712,3,12:49:31,13:04:31
1B,n13,42.845994,-2.666712,3,13:07:38,13:22:38
1B,n13,42.845994,-2.666712,3,13:41:47,13:56:47
1B,n13,42.845994,-2.666712,3,16:07:55,16:37:55
1B,n13,42.845994,-2.666712,3,16:46:21,17:01:21
1B,n13,42.845994,-2.666712,3,17:07:01,17:37:01
1B,n13,42.845994,-2.666712,3,17:55:01,18:25:01
1B,n13,42.845994,-2.666712,3,18:31:19,18:46:19
1B,n13,42.845994,-2.666712,3,18:48:26,19:18:26
1B,n13,42.845994,-2.666712,3,19:23:35,19:53:35
1B,n13,42.845994,-2.666712,3,19:53:37,20:08:37
1B,n13,42.845994,-2.666712,4,10:36:19,12:06:19
1B,n13,42.845994,-2.666712,4,12:10:02,13:10:02
1B,n13,42.845994,-2.666712,4,13:14:09,14:44:09
1B,n13,42.845994,-2.666712,4,16:00:24,16:15:24
1B,n13,42.845994,-2.666712,4,16:25:45,16:40:45
1B,n13,42.845994,-2.666712,4,16:46:28,18:16:28
1B,n13,42.845994,-2.666712,4,18:29:34,18:59:34
1B,n13,42.845994,-2.666712,4,19:05:10,19:35:10
1B,n13,42.845994,-2.666712,4,19:46:25,20:16:25
1B,n14,42.845354,-2.668020,1,10:05:43,11:05:43
1B,n14,42.845354,-2.668020,1,11:13:28,11:28:28
1B,n14,42.845354,-2.668020,1,11:31:13,12:01:13
1B,n14,42.845354,-2.668020,1,12:03:35,12:33:35
1B,n14,42.845354,-2.668020,1,12:44:47,12:59:47
1B,n14,42.845354,-2.668020,1,13:23:20,13:53:20
1B,n14,42.845354,-2.668020,1,13:57:26,14:12:26
1B,n14,42.845354,-2.668020,1,16:01:51,17:01:51
1B,n14,42.845354,-2.668020,1,17:06:01,17:36:01
1B,n14,42.845354,-2.668020,1,17:37:52,18:07:52
1B,n14,42.845354,-2.668020,1,18:16:22,18:46:22
1B,n14,42.845354,-2.668020,1,18:53:01,19:23:01
1B,n14,42.845354,-2.668020,1,19:28:11,19:58:11
1B,n14,42.845354,-2.668020,2,10:20:18,10:50:18
1B,n14,42.845354,-2.668020,2,10:55:19,11:10:19
1B,n14,42.845354,-2.668020,2,11:18:32,11:33:32
1B,n14,42.845354,-2.668020,2,11:36:45,12:06:45
1B,n14,42.845354,-2.668020,2,12:13:48,13:43:48
1B,n14,42.845354,-2.668020,2,13:49:03,14:49:03
1B,n14,42.845354,-2.668020,2,16:06:40,17:06:40
1B,n14,42.845354,-2.668020,2,17:07:07,17:22:07
1B,n14,42.845354,-2.668020,2,17:34:37,17:49:37
1B,n14,42.845354,-2.668020,2,17:59:48,18:14:48
1B,n14,42.845354,-2.668020,2,18:15:28,18:30:28
1B,n14,42.845354,-2.668020,2,18:44:55,19:14:55
1B,n14,42.845354,-2.668020,2,19:17:26,20:47:26
1B,n14,42.845354,-2.668020,3,10:08:30,11:38:30
1B,n14,42.845354,-2.668020,3,11:39:28,12:09:28
1B,n14,42.845354,-2.668020,3,12:12:21,12:27:21
1B,n14,42.845354,-2.668020,3,12:37:32,14:07:32
1B,n14,42.845354,-2.668020,3,16:11:16,16:26:16
1B,n14,42.845354,-2.668020,3,16:44:02,16:59:02
1B,n14,42.845354,-2.668020,3,17:22:54,18:52:54
1B,n14,42.845354,-2.668020,3,18:55:07,19:10:07
1B,n14,42.845354,-2.668020,3,19:15:46,19:30:46
1B,n14,42.845354,-2.668020,3,19:43:56,21:13:56
1B,n14,42.845354,-2.668020,4,10:29:42,10:44:42
1B,n14,42.845354,-2.668020,4,11:03:29,12:33:29
1B,n14,42.845354,-2.668020,4,12:34:54,12:49:54
1B,n14,42.845354,-2.668020,4,13:02:47,13:17:47
1B,n14,42.845354,-2.668020,4,13:31:28,13:46:28
1B,n14,42.845354,-2.668020,4,13:46:59,14:16:59
1B,n14,42.845354,-2.668020,4,16:32:43,17:02:43
1B,n14,42.845354,-2.668020,4,17:14:45,18:44:45
1B,n14,42.845354,-2.668020,4,19:12:39,19:27:39
1B,n14,42.845354,-2.668020,4,19:50:23,20:20:23
1B,n15,42.844447,-2.667477,1,10:11:30,11:11:30
1B,n15,42.844447,-2.667477,1,11:31:33,13:01:33
1B,n15,42.844447,-2.667477,1,13:14:17,13:29:17
1B,n15,42.844447,-2.667477,1,13:34:52,14:04:52
1B,n15,42.844447,-2.667477,1,16:09:37,16:39:37
1B,n15,42.844447,-2.667477,1,16:44:15,16:59:15
1B,n15,42.844447,-2.667477,1,16:59:22,17:59:22
1B,n15,42.844447,-2.667477,1,18:00:24,18:30:24
1B,n15,42.844447,-2.667477,1,18:38:17,18:53:17
1B,n15,42.844447,-2.667477,1,18:54:51,19:09:51
1B,n15,42.844447,-2.667477,1,19:13:22,20:13:22
1B,n15,42.844447,-2.667477,2,10:00:23,11:30:23
1B,n15,42.844447,-2.667477,2,11:51:50,12:06:50
1B,n15,42.844447,-2.667477,2,12:21:48,12:36:48
1B,n15,42.844447,-2.667477,2,12:48:00,13:03:00
1B,n15,42.844447,-2.667477,2,13:22:21,13:37:21
1B,n15,42.844447,-2.667477,2,13:37:57,13:52:57
1B,n15,42.844447,-2.667477,2,13:53:15,14:53:15
1B,n15,42.844447,-2.667477,2,16:21:29,16:51:29
1B,n15,42.844447,-2.667477,2,17:04:59,17:19:59
1B,n15,42.844447,-2.667477,2,17:28:24,17:58:24
1B,n15,42.844447,-2.667477,2,18:09:21,18:24:21
1B,n15,42.844447,-2.667477,2,18:27:40,18:57:40
1B,n15,42.844447,-2.667477,2,19:00:07,19:30:07
1B,n15,42.844447,-2.667477,2,19:37:10,19:52:10
1B,n15,42.844447,-2.667477,2,19:56:11,20:26:11
1B,n15,42.844447,-2.667477,3,10:18:13,10:48:13
1B,n15,42.844447,-2.667477,3,10:51:38,12:21:38
1B,n15,42.844447,-2.667477,3,12:22:02,12:52:02
1B,n15,42.844447,-2.667477,3,12:53:50,14:23:50
1B,n15,42.844447,-2.667477,3,16:29:28,17:29:28
1B,n15,42.844447,-2.667477,3,17:30:00,17:45:00
1B,n15,42.844447,-2.667477,3,17:47:10,18:17:10
1B,n15,42.844447,-2.667477,3,18:25:57,18:55:57
1B,n15,42.844447,-2.667477,3,19:09:42,19:39:42
1B,n15,42.844447,-2.667477,3,19:41:28,20:41:28
1B,n15,42.844447,-2.667477,4,10:28:28,11:28:28
1B,n15,42.844447,-2.667477,4,11:37:28,11:52:28
1B,n15,42.844447,-2.667477,4,12:00:42,13:00:42
1B,n15,42.844447,-2.667477,4,13:15:37,13:30:37
1B,n15,42.844447,-2.667477,4,13:36:22,15:06:22
1B,n15,42.844447,-2.667477,4,16:31:51,16:46:51
1B,n15,42.844447,-2.667477,4,16:57:03,17:12:03
1B,n15,42.844447,-2.667477,4,17:12:17,17:42:17
1B,n15,42.844447,-2.667477,4,18:07:13,18:22:13
1B,n15,42.844447,-2.667477,4,18:22:31,18:37:31
1B,n15,42.844447,-2.667477,4,18:37:35,18:52:35
1B,n15,42.844447,-2.667477,4,18:52:57,19:22:57
1B,n15,42.844447,-2.667477,4,19:31:44,19:46:44
1B,n15,42.844447,-2.667477,4,19:48:14,20:48:14
1B,n16,42.843993,-2.664345,1,10:08:43,10:23:43
1B,n16,42.843993,-2.664345,1,10:58:00,11:58:00
1B,n16,42.843993,-2.664345,1,12:00:39,12:15:39
1B,n16,42.843993,-2.664345,1,12:20:38,12:35:38
1B,n16,42.843993,-2.664345,1,12:46:47,14:16:47
1B,n16,42.843993,-2.664345,1,16:34:13,18:04:13
1B,n16,42.843993,-2.664345,1,18:20:25,18:35:25
1B,n16,42.843993,-2.664345,1,18:45:51,19:00:51
1B,n16,42.843993,-2.664345,1,19:07:18,19:37:18
1B,n16,42.843993,-2.664345,1,19:39:23,20:09:23
1B,n16,42.843993,-2.664345,2,10:24:18,10:54:18
1B,n16,42.843993,-2.664345,2,10:59:50,11:14:50
1B,n16,42.843993,-2.664345,2,11:16:53,11:46:53
1B,n16,42.843993,-2.664345,2,11:50:49,12:20:49
1B,n16,42.843993,-2.664345,2,12:31:12,13:01:12
1B,n16,42.843993,-2.664345,2,13:10:00,14:40:00
1B,n16,42.843993,-2.664345,2,16:04:54,17:04:54
1B,n16,42.843993,-2.664345,2,17:17:17,18:47:17
1B,n16,42.843993,-2.664345,2,19:05:28,19:35:28
1B,n16,42.843993,-2.664345,2,19:37:45,19:52:45
1B,n16,42.843993,-2.664345,2,19:53:28,21:23:28
1B,n16,42.843993,-2.664345,3,10:06:17,10:36:17
1B,n16,42.843993,-2.664345,3,10:40:59,11:10:59
1B,n16,42.843993,-2.664345,3,11:32:19,13:02:19
1B,n16,42.843993,-2.664345,3,13:05:50,13:20:50
1B,n16,42.843993,-2.664345,3,13:29:24,13:44:24
1B,n16,42.843993,-2.664345,3,13:47:31,14:02:31
1B,n16,42.843993,-2.664345,3,16:08:59,17:08:59
1B,n16,42.843993,-2.664345,3,17:22:32,18:22:32
1B,n16,42.843993,-2.664345,3,18:23:11,18:53:11
1B,n16,42.843993,-2.664345,3,18:55:27,19:25:27
1B,n16,42.843993,-2.664345,3,19:36:03,19:51:03
1B,n16,42.843993,-2.664345,3,19:53:22,20:23:22
1B,n16,42.843993,-2.664345,4,10:25:38,11:55:38
1B,n16,42.843993,-2.664345,4,12:03:26,13:03:26
1B,n16,42.843993,-2.664345,4,13:07:41,13:37:41
1B,n16,42.843993,-2.664345,4,13:45:36,14:00:36
1B,n16,42.843993,-2.664345,4,16:25:19,17:55:19
1B,n16,42.843993,-2.664345,4,18:26:16,18:56:16
1B,n16,42.843993,-2.664345,4,18:56:26,19:11:26
1B,n16,42.843993,-2.664345,4,19:13:02,19:43:02
1B,n16,42.843993,-2.664345,4,19:46:48,20:46:48
1B,n17,42.843371,-2.667994,1,10:25:35,11:55:35
1B,n17,42.843371,-2.667994,1,12:19:44,12:34:44
1B,n17,42.843371,-2.667994,1,12:43:53,14:13:53
1B,n17,42.843371,-2.667994,1,16:15:08,17:15:08
1B,n17,42.843371,-2.667994,1,17:32:35,18:32:35
1B,n17,42.843371,-2.667994,1,18:46:55,19:16:55
1B,n17,42.843371,-2.667994,1,19:20:27,20:50:27
1B,n17,42.843371,-2.667994,2,10:08:59,10:38:59
1B,n17,42.843371,-2.667994,2,10:49:35,11:04:35
1B,n17,42.843371,-2.667994,2,11:20:54,11:35:54
1B,n17,42.843371,-2.667994,2,11:43:52,11:58:52
1B,n17,42.843371,-2.667994,2,12:09:00,13:39:00
1B,n17,42.843371,-2.667994,2,13:40:55,15:10:55
1B,n17,42.843371,-2.667994,2,16:35:11,17:05:11
1B,n17,42.843371,-2.667994,2,17:11:40,18:11:40
1B,n17,42.843371,-2.667994,2,18:11:56,18:41:56
1B,n17,42.843371,-2.667994,2,18:43:11,18:58:11
1B,n17,42.843371,-2.667994,2,19:12:13,20:12:13
1B,n17,42.843371,-2.667994,3,10:24:24,11:24:24
1B,n17,42.843371,-2.667994,3,11:29:16,11:59:16
1B,n17,42.843371,-2.667994,3,12:15:50,12:45:50
1B,n17,42.843371,-2.667994,3,12:48:16,14:18:16
1B,n17,42.843371,-2.667994,3,16:27:38,17:27:38
1B,n17,42.843371,-2.667994,3,17:27:51,17:57:51
1B,n17,42.843371,-2.667994,3,18:04:51,19:04:51
1B,n17,42.843371,-2.667994,3,19:29:17,20:29:17
1B,n17,42.843371,-2.667994,4,10:24:16,10:54:16
1B,n17,42.843371,-2.667994,4,10:55:14,11:55:14
1B,n17,42.843371,-2.667994,4,12:10:21,12:25:21
1B,n17,42.843371,-2.667994,4,12:34:48,12:49:48
1B,n17,42.843371,-2.667994,4,13:03:57,13:33:57
1B,n17,42.843371,-2.667994,4,13:49:42,15:19:42
1B,n17,42.843371,-2.667994,4,16:44:33,16:59:33
1B,n17,42.843371,-2.667994,4,17:09:56,18:39:56
1B,n17,42.843371,-2.667994,4,18:39:59,20:09:59
1B,n18,42.846112,-2.665283,1,10:42:24,11:12:24
1B,n18,42.846112,-2.665283,1,11:30:45,12:30:45
1B,n18,42.846112,-2.665283,1,12:59:34,13:59:34
1B,n18,42.846112,-2.665283,1,16:27:10,17:57:10
1B,n18,42.846112,-2.665283,1,17:59:16,18:14:16
1B,n18,42.846112,-2.665283,1,18:19:53,18:49:53
1B,n18,42.846112,-2.665283,1,18:54:21,19:54:21
1B,n18,42.846112,-2.665283,2,10:53:21,11:08:21
1B,n18,42.846112,-2.665283,2,11:16:16,11:46:16
1B,n18,42.846112,-2.665283,2,11:46:22,12:46:22
1B,n18,42.846112,-2.665283,2,13:01:34,14:01:34
1B,n18,42.846112,-2.665283,2,16:09:56,16:24:56
1B,n18,42.846112,-2.665283,2,16:28:25,16:58:25
1B,n18,42.846112,-2.665283,2,16:58:27,17:28:27
1B,n18,42.846112,-2.665283,2,17:41:15,18:11:15
1B,n18,42.846112,-2.665283,2,18:32:10,18:47:10
1B,n18,42.846112,-2.665283,2,18:54:30,19:09:30
1B,n18,42.846112,-2.665283,2,19:26:15,20:56:15
1B,n18,42.846112,-2.665283,3,10:33:52,12:03:52
1B,n18,42.846112,-2.665283,3,12:09:32,13:09:32
1B,n18,42.846112,-2.665283,3,13:10:23,13:25:23
1B,n18,42.846112,-2.665283,3,13:36:17,13:51:17
1B,n18,42.846112,-2.665283,3,13:54:00,15:24:00
1B,n18,42.846112,-2.665283,3,16:31:59,16:46:59
1B,n18,42.846112,-2.665283,3,17:14:59,18:44:59
1B,n18,42.846112,-2.665283,3,19:03:38,19:18:38
1B,n18,42.846112,-2.665283,3,19:32:13,19:47:13
1B,n18,42.846112,-2.665283,3,19:51:28,20:06:28
1B,n18,42.846112,-2.665283,4,10:27:27,11:27:27
1B,n18,42.846112,-2.665283,4,11:40:05,11:55:05
1B,n18,42.846112,-2.665283,4,11:58:56,12:13:56
1B,n18,42.846112,-2.665283,4,12:21:16,12:36:16
1B,n18,42.846112,-2.665283,4,12:48:42,13:18:42
1B,n18,42.846112,-2.665283,4,13:19:08,13:49:08
1B,n18,42.846112,-2.665283,4,13:52:00,14:52:00
1B,n18,42.846112,-2.665283,4,16:30:48,17:00:48
1B,n18,42.846112,-2.665283,4,17:21:40,18:21:40
1B,n18,42.846112,-2.665283,4,18:27:55,18:57:55
1B,n18,42.846112,-2.665283,4,19:21:51,19:36:51
1B,n18,42.846112,-2.665283,4,19:40:40,19:55:40
1B,n18,42.846112,-2.665283,4,19:59:01,20:59:01
1B,n19,42.844210,-2.667207,1,10:51:33,12:21:33
1B,n19,42.844210,-2.667207,1,12:25:47,13:25:47
1B,n19,42.844210,-2.667207,1,13:34:00,14:34:00
1B,n19,42.844210,-2.667207,1,16:23:08,17:23:08
1B,n19,42.844210,-2.667207,1,17:33:15,18:03:15
1B,n19,42.844210,-2.667207,1,18:31:06,18:46:06
1B,n19,42.844210,-2.667207,1,18:52:27,20:22:27
1B,n19,42.844210,-2.667207,2,10:24:23,11:54:23
1B,n19,42.844210,-2.667207,2,11:55:13,12:55:13
1B,n19,42.844210,-2.667207,2,13:08:27,14:38:27
1B,n19,42.844210,-2.667207,2,16:10:11,16:25:11
1B,n19,42.844210,-2.667207,2,16:45:44,17:15:44
1B,n19,42.844210,-2.667207,2,17:21:08,18:51:08
1B,n19,42.844210,-2.667207,2,19:15:31,19:30:31
1B,n19,42.844210,-2.667207,2,19:45:27,21:15:27
1B,n19,42.844210,-2.667207,3,10:14:50,10:44:50
1B,n19,42.844210,-2.667207,3,10:46:45,11:16:45
1B,n19,42.844210,-2.667207,3,11:30:51,11:45:51
1B,n19,42.844210,-2.667207,3,11:47:06,12:02:06
1B,n19,42.844210,-2.667207,3,12:05:32,12:35:32
1B,n19,42.844210,-2.667207,3,12:38:49,14:08:49
1B,n19,42.844210,-2.667207,3,16:20:56,16:50:56
1B,n19,42.844210,-2.667207,3,17:05:47,18:05:47
1B,n19,42.844210,-2.667207,3,18:16:55,18:46:55
1B,n19,42.844210,-2.667207,3,18:54:48,20:24:48
1B,n19,42.844210,-2.667207,4,10:24:40,11:54:40
1B,n19,42.844210,-2.667207,4,12:00:52,12:15:52
1B,n19,42.844210,-2.667207,4,12:25:26,12:55:26
1B,n19,42.844210,-2.667207,4,13:01:54,13:16:54
1B,n19,42.844210,-2.667207,4,13:36:12,14:06:12
1B,n19,42.844210,-2.667207,4,16:27:25,16:57:25
1B,n19,42.844210,-2.667207,4,16:57:58,17:27:58
1B,n19,42.844210,-2.667207,4,17:28:32,17:43:32
1B,n19,42.844210,-2.667207,4,17:45:27,18:00:27
1B,n19,42.844210,-2.667207,4,18:00:44,18:15:44
1B,n19,42.844210,-2.667207,4,18:20:13,18:50:13
1B,n19,42.844210,-2.667207,4,18:54:50,19:09:50
1B,n19,42.844210,-2.667207,4,19:27:51,19:57:51
1B,n20,42.846282,-2.664841,1,10:17:10,10:32:10
1B,n20,42.846282,-2.664841,1,11:01:16,11:16:16
1B,n20,42.846282,-2.664841,1,11:34:56,13:04:56
1B,n20,42.846282,-2.664841,1,13:09:29,13:39:29
1B,n20,42.846282,-2.664841,1,13:40:41,13:55:41
1B,n20,42.846282,-2.664841,1,13:57:19,14:12:19
1B,n20,42.846282,-2.664841,1,16:12:03,17:42:03
1B,n20,42.846282,-2.664841,1,17:44:17,18:14:17
1B,n20,42.846282,-2.664841,1,18:14:27,18:29:27
1B,n20,42.846282,-2.664841,1,18:37:53,18:52:53
1B,n20,42.846282,-2.664841,1,18:58:38,19:13:38
1B,n20,42.846282,-2.664841,1,19:46:29,21:16:29
1B,n20,42.846282,-2.664841,2,10:17:54,10:47:54
1B,n20,42.846282,-2.664841,2,10:52:28,11:22:28
1B,n20,42.846282,-2.664841,2,11:36:02,11:51:02
1B,n20,42.846282,-2.664841,2,11:56:12,12:26:12
1B,n20,42.846282,-2.664841,2,12:37:59,13:07:59
1B,n20,42.846282,-2.664841,2,13:18:23,13:48:23
1B,n20,42.846282,-2.664841,2,13:48:40,14:48:40
1B,n20,42.846282,-2.664841,2,16:42:01,16:57:01
1B,n20,42.846282,-2.664841,2,17:04:45,18:04:45
1B,n20,42.846282,-2.664841,2,18:17:05,18:32:05
1B,n20,42.846282,-2.664841,2,18:49:52,19:19:52
1B,n20,42.846282,-2.664841,2,19:39:40,21:09:40
1B,n20,42.846282,-2.664841,3,10:08:59,10:38:59
1B,n20,42.846282,-2.664841,3,10:41:04,10:56:04
1B,n20,42.846282,-2.664841,3,10:58:58,11:28:58
1B,n20,42.846282,-2.664841,3,11:31:24,11:46:24
1B,n20,42.846282,-2.664841,3,12:17:41,12:32:41
1B,n20,42.846282,-2.664841,3,12:34:22,13:04:22
1B,n20,42.846282,-2.664841,3,13:11:52,13:41:52
1B,n20,42.846282,-2.664841,3,13:43:46,14:43:46
1B,n20,42.846282,-2.664841,3,16:22:03,17:52:03
1B,n20,42.846282,-2.664841,3,17:59:28,18:14:28
1B,n20,42.846282,-2.664841,3,18:20:37,18:35:37
1B,n20,42.846282,-2.664841,3,18:36:36,19:06:36
1B,n20,42.846282,-2.664841,3,19:08:23,20:38:23
1B,n20,42.846282,-2.664841,4,10:29:42,11:59:42
1B,n20,42.846282,-2.664841,4,12:05:43,12:35:43
1B,n20,42.846282,-2.664841,4,12:38:59,12:53:59
1B,n20,42.846282,-2.664841,4,12:56:13,13:26:13
1B,n20,42.846282,-2.664841,4,13:30:41,15:00:41
1B,n20,42.846282,-2.664841,4,16:03:12,16:33:12
1B,n20,42.846282,-2.664841,4,16:40:42,16:55:42
1B,n20,42.846282,-2.664841,4,17:05:52,17:20:52
1B,n20,42.846282,-2.664841,4,17:31:56,18:01:56
1B,n20,42.846282,-2.664841,4,18:10:58,18:25:58
1B,n20,42.846282,-2.664841,4,18:26:31,18:41:31
1B,n20,42.846282,-2.664841,4,18:41:46,18:56:46
1B,n20,42.846282,-2.664841,4,19:08:43,19:38:43
1B,n20,42.846282,-2.664841,4,19:50:03,20:20:03
2A,n21,42.854717,-2.668962,1,10:37:02,10:52:02
2A,n21,42.854717,-2.668962,1,10:54:51,11:09:51
2A,n21,42.854717,-2.668962,1,11:20:39,11:35:39
2A,n21,42.854717,-2.668962,1,11:46:58,12:46:58
2A,n21,42.854717,-2.668962,1,12:54:03,13:24:03
2A,n21,42.854717,-2.668962,1,13:41:46,15:11:46
2A,n21,42.854717,-2.668962,1,16:38:12,17:08:12
2A,n21,42.854717,-2.668962,1,17:14:32,18:44:32
2A,n21,42.854717,-2.668962,1,18:51:16,20:21:16
2A,n21,42.854717,-2.668962,2,10:09:36,10:39:36
2A,n21,42.854717,-2.668962,2,10:53:33,11:08:33
2A,n21,42.854717,-2.668962,2,11:17:49,11:47:49
2A,n21,42.854717,-2.668962,2,11:48:18,13:18:18
2A,n21,42.854717,-2.668962,2,13:36:04,14:36:04
2A,n21,42.854717,-2.668962,2,16:07:21,16:37:21
2A,n21,42.854717,-2.668962,2,16:42:26,17:12:26
2A,n21,42.854717,-2.668962,2,17:27:23,17:42:23
2A,n21,42.854717,-2.668962,2,17:45:19,18:00:19
2A,n21,42.854717,-2.668962,2,18:05:50,18:35:50
2A,n21,42.854717,-2.668962,2,18:43:55,18:58:55
2A,n21,42.854717,-2.668962,2,19:02:23,19:17:23
2A,n21,42.854717,-2.668962,2,19:23:05,19:53:05
2A,n21,42.854717,-2.668962,2,19:56:33,20:11:33
2A,n21,42.854717,-2.668962,3,10:32:10,11:32:10
2A,n21,42.854717,-2.668962,3,11:59:12,12:59:12
2A,n21,42.854717,-2.668962,3,13:07:10,14:37:10
2A,n21,42.854717,-2.668962,3,16:27:29,16:57:29
2A,n21,42.854717,-2.668962,3,17:22:06,18:22:06
2A,n21,42.854717,-2.668962,3,18:26:52,18:41:52
2A,n21,42.854717,-2.668962,3,18:51:29,19:21:29
2A,n21,42.854717,-2.668962,3,19:22:31,20:22:31
2A,n21,42.854717,-2.668962,4,10:13:04,11:43:04
2A,n21,42.854717,-2.668962,4,11:57:30,12:27:30
2A,n21,42.854717,-2.668962,4,12:57:45,13:12:45
2A,n21,42.854717,-2.668962,4,13:36:32,15:06:32
2A,n21,42.854717,-2.668962,4,16:06:11,16:21:11
2A,n21,42.854717,-2.668962,4,16:48:27,18:18:27
2A,n21,42.854717,-2.668962,4,18:28:15,18:43:15
2A,n21,42.854717,-2.668962,4,18:48:32,19:03:32
2A,n21,42.854717,-2.668962,4,19:24:44,19:39:44
2A,n21,42.854717,-2.668962,4,19:40:17,21:10:17
2A,n22,42.851766,-2.662751,1,10:17:40,11:17:40
2A,n22,42.851766,-2.662751,1,11:24:09,11:39:09
2A,n22,42.851766,-2.662751,1,11:41:32,12:41:32
2A,n22,42.851766,-2.662751,1,12:58:53,13:58:53
2A,n22,42.851766,-2.662751,1,16:32:32,17:32:32
2A,n22,42.851766,-2.662751,1,17:33:30,18:03:30
2A,n22,42.851766,-2.662751,1,18:19:22,19:49:22
2A,n22,42.851766,-2.662751,1,19:52:14,21:22:14
2A,n22,42.851766,-2.662751,2,10:59:54,11:29:54
2A,n22,42.851766,-2.662751,2,11:43:10,12:13:10
2A,n22,42.851766,-2.662751,2,12:18:24,12:33:24
2A,n22,42.851766,-2.662751,2,12:51:38,13:51:38
2A,n22,42.851766,-2.662751,2,13:53:55,14:08:55
2A,n22,42.851766,-2.662751,2,16:43:12,16:58:12
2A,n22,42.851766,-2.662751,2,17:05:11,17:20:11
2A,n22,42.851766,-2.662751,2,17:38:57,18:38:57
2A,n22,42.851766,-2.662751,2,18:49:05,19:04:05
2A,n22,42.851766,-2.662751,2,19:10:37,20:40:37
2A,n22,42.851766,-2.662751,3,10:18:09,11:18:09
2A,n22,42.851766,-2.662751,3,11:25:18,12:55:18
2A,n22,42.851766,-2.662751,3,13:02:51,13:17:51
2A,n22,42.851766,-2.662751,3,13:22:19,13:52:19
2A,n22,42.851766,-2.662751,3,13:58:55,15:28:55
2A,n22,42.851766,-2.662751,3,16:34:38,16:49:38
2A,n22,42.851766,-2.662751,3,16:52:51,17:07:51
2A,n22,42.851766,-2.662751,3,17:16:56,18:16:56
2A,n22,42.851766,-2.662751,3,18:33:09,19:33:09
2A,n22,42.851766,-2.662751,3,19:34:06,20:34:06
2A,n22,42.851766,-2.662751,4,10:38:10,11:38:10
2A,n22,42.851766,-2.662751,4,11:40:17,13:10:17
2A,n22,42.851766,-2.662751,4,13:12:32,14:42:32
2A,n22,42.851766,-2.662751,4,16:10:46,16:25:46
2A,n22,42.851766,-2.662751,4,16:26:16,17:56:16
2A,n22,42.851766,-2.662751,4,18:14:44,18:44:44
2A,n22,42.851766,-2.662751,4,18:55:00,19:25:00
2A,n22,42.851766,-2.662751,4,19:45:01,21:15:01
2A,n23,42.847319,-2.662746,1,10:03:58,11:03:58
2A,n23,42.847319,-2.662746,1,11:04:42,12:34:42
2A,n23,42.847319,-2.662746,1,12:38:07,14:08:07
2A,n23,42.847319,-2.662746,1,16:13:57,17:13:57
2A,n23,42.847319,-2.662746,1,17:16:00,17:31:00
2A,n23,42.847319,-2.662746,1,17:37:05,19:07:05
2A,n23,42.847319,-2.662746,1,19:07:47,19:22:47
2A,n23,42.847319,-2.662746,1,19:25:21,19:40:21
2A,n23,42.847319,-2.662746,1,19:43:11,19:58:11
2A,n23,42.847319,-2.662746,2,10:22:14,10:52:14
2A,n23,42.847319,-2.662746,2,11:05:59,11:35:59
2A,n23,42.847319,-2.662746,2,11:55:43,13:25:43
2A,n23,42.847319,-2.662746,2,13:43:38,14:13:38
2A,n23,42.847319,-2.662746,2,16:34:12,18:04:12
2A,n23,42.847319,-2.662746,2,18:07:09,18:22:09
2A,n23,42.847319,-2.662746,2,18:42:53,18:57:53
2A,n23,42.847319,-2.662746,2,18:59:43,19:59:43
2A,n23,42.847319,-2.662746,3,10:08:12,10:23:12
2A,n23,42.847319,-2.662746,3,10:38:28,10:53:28
2A,n23,42.847319,-2.662746,3,10:55:51,12:25:51
2A,n23,42.847319,-2.662746,3,12:39:03,12:54:03
2A,n23,42.847319,-2.662746,3,13:21:34,13:36:34
2A,n23,42.847319,-2.662746,3,13:46:41,14:46:41
2A,n23,42.847319,-2.662746,3,16:20:45,17:20:45
2A,n23,42.847319,-2.662746,3,17:33:43,18:33:43
2A,n23,42.847319,-2.662746,3,18:38:23,18:53:23
2A,n23,42.847319,-2.662746,3,18:54:58,19:09:58
2A,n23,42.847319,-2.662746,3,19:16:48,20:16:48
2A,n23,42.847319,-2.662746,4,10:43:18,11:43:18
2A,n23,42.847319,-2.662746,4,11:46:21,12:46:21
2A,n23,42.847319,-2.662746,4,12:54:44,13:09:44
2A,n23,42.847319,-2.662746,4,13:32:43,13:47:43
2A,n23,42.847319,-2.662746,4,13:56:15,14:11:15
2A,n23,42.847319,-2.662746,4,16:05:19,16:35:19
2A,n23,42.847319,-2.662746,4,16:47:53,17:17:53
2A,n23,42.847319,-2.662746,4,17:17:56,17:32:56
2A,n23,42.847319,-2.662746,4,17:33:10,17:48:10
2A,n23,42.847319,-2.662746,4,18:08:29,18:23:29
2A,n23,42.847319,-2.662746,4,18:25:58,18:55:58
2A,n23,42.847319,-2.662746,4,18:57:08,19:27:08
2A,n23,42.847319,-2.662746,4,19:27:36,19:42:36
2A,n23,42.847319,-2.662746,4,19:47:12,20:47:12
2A,n24,42.852346,-2.668313,1,10:15:31,11:45:31
2A,n24,42.852346,-2.668313,1,12:10:37,12:40:37
2A,n24,42.852346,-2.668313,1,12:53:14,13:53:14
2A,n24,42.852346,-2.668313,1,13:58:02,14:13:02
2A,n24,42.852346,-2.668313,1,16:18:16,16:33:16
2A,n24,42.852346,-2.668313,1,16:48:15,18:18:15
2A,n24,42.852346,-2.668313,1,18:34:13,19:04:13
2A,n24,42.852346,-2.668313,1,19:09:39,19:24:39
2A,n24,42.852346,-2.668313,1,19:39:31,19:54:31
2A,n24,42.852346,-2.668313,1,19:57:03,20:12:03
2A,n24,42.852346,-2.668313,2,10:31:29,11:01:29
2A,n24,42.852346,-2.668313,2,11:02:22,12:02:22
2A,n24,42.852346,-2.668313,2,12:11:24,12:26:24
2A,n24,42.852346,-2.668313,2,12:35:17,13:35:17
2A,n24,42.852346,-2.668313,2,13:44:22,14:14:22
2A,n24,42.852346,-2.668313,2,16:31:47,17:31:47
2A,n24,42.852346,-2.668313,2,17:35:55,19:05:55
2A,n24,42.852346,-2.668313,2,19:11:06,19:26:06
2A,n24,42.852346,-2.668313,2,19:34:47,21:04:47
2A,n24,42.852346,-2.668313,3,10:10:02,10:25:02
2A,n24,42.852346,-2.668313,3,10:29:21,11:29:21
2A,n24,42.852346,-2.668313,3,11:40:20,12:10:20
2A,n24,42.852346,-2.668313,3,12:24:39,12:39:39
2A,n24,42.852346,-2.668313,3,13:00:12,14:30:12
2A,n24,42.852346,-2.668313,3,16:31:31,16:46:31
2A,n24,42.852346,-2.668313,3,16:57:21,17:12:21
2A,n24,42.852346,-2.668313,3,17:17:27,17:32:27
2A,n24,42.852346,-2.668313,3,17:37:18,17:52:18
2A,n24,42.852346,-2.668313,3,18:07:20,19:07:20
2A,n24,42.852346,-2.668313,3,19:25:43,19:40:43
2A,n24,42.852346,-2.668313,3,19:40:44,21:10:44
2A,n24,42.852346,-2.668313,4,10:09:13,10:39:13
2A,n24,42.852346,-2.668313,4,10:56:09,11:11:09
2A,n24,42.852346,-2.668313,4,11:12:57,11:42:57
2A,n24,42.852346,-2.668313,4,11:56:56,12:26:56
2A,n24,42.852346,-2.668313,4,12:33:31,13:03:31
2A,n24,42.852346,-2.668313,4,13:04:49,13:19:49
2A,n24,42.852346,-2.668313,4,13:30:53,14:00:53
2A,n24,42.852346,-2.668313,4,16:06:41,17:36:41
2A,n24,42.852346,-2.668313,4,17:40:49,18:40:49
2A,n24,42.852346,-2.668313,4,18:51:24,19:51:24
2A,n24,42.852346,-2.668313,4,19:52:21,20:52:21
2A,n25,42.852195,-2.666933,1,10:07:19,11:07:19
2A,n25,42.852195,-2.666933,1,11:10:15,11:25:15
2A,n25,42.852195,-2.666933,1,11:27:15,11:42:15
2A,n25,42.852195,-2.666933,1,12:02:01,13:32:01
2A,n25,42.852195,-2.666933,1,13:35:10,14:05:10
2A,n25,42.852195,-2.666933,1,16:48:02,17:18:02
2A,n25,42.852195,-2.666933,1,17:39:30,18:09:30
2A,n25,42.852195,-2.666933,1,18:25:08,18:55:08
2A,n25,42.852195,-2.666933,1,19:01:56,20:01:56
2A,n25,42.852195,-2.666933,2,10:29:00,11:29:00
2A,n25,42.852195,-2.666933,2,11:53:03,12:23:03
2A,n25,42.852195,-2.666933,2,12:42:19,13:12:19
2A,n25,42.852195,-2.666933,2,13:12:44,13:42:44
2A,n25,42.852195,-2.666933,2,13:44:44,15:14:44
2A,n25,42.852195,-2.666933,2,16:31:57,17:31:57
2A,n25,42.852195,-2.666933,2,17:33:46,17:48:46
2A,n25,42.852195,-2.666933,2,18:12:13,18:27:13
2A,n25,42.852195,-2.666933,2,18:32:42,19:32:42
2A,n25,42.852195,-2.666933,2,19:48:48,20:48:48
2A,n25,42.852195,-2.666933,3,10:18:42,11:48:42
2A,n25,42.852195,-2.666933,3,12:02:02,13:02:02
2A,n25,42.852195,-2.666933,3,13:26:08,13:56:08
2A,n25,42.852195,-2.666933,3,13:59:05,14:29:05
2A,n25,42.852195,-2.666933,3,16:04:53,16:19:53
2A,n25,42.852195,-2.666933,3,16:43:58,16:58:58
2A,n25,42.852195,-2.666933,3,17:03:20,17:18:20
2A,n25,42.852195,-2.666933,3,17:20:28,18:20:28
2A,n25,42.852195,-2.666933,3,18:24:28,19:24:28
2A,n25,42.852195,-2.666933,3,19:45:31,20:00:31
2A,n25,42.852195,-2.666933,4,10:15:43,10:45:43
2A,n25,42.852195,-2.666933,4,10:51:02,11:06:02
2A,n25,42.852195,-2.666933,4,11:10:16,12:40:16
2A,n25,42.852195,-2.666933,4,12:46:33,13:16:33
2A,n25,42.852195,-2.666933,4,13:25:27,13:55:27
2A,n25,42.852195,-2.666933,4,13:55:29,15:25:29
2A,n25,42.852195,-2.666933,4,16:24:38,16:54:38
2A,n25,42.852195,-2.666933,4,16:57:45,17:12:45
2A,n25,42.852195,-2.666933,4,17:20:12,17:50:12
2A,n25,42.852195,-2.666933,4,17:50:13,18:05:13
2A,n25,42.852195,-2.666933,4,18:10:39,18:40:39
2A,n25,42.852195,-2.666933,4,19:04:44,20:04:44
2A,n26,42.847209,-2.662913,1,10:18:29,10:33:29
2A,n26,42.847209,-2.662913,1,11:04:18,11:34:18
2A,n26,42.847209,-2.662913,1,11:42:15,11:57:15
2A,n26,42.847209,-2.662913,1,12:04:06,12:34:06
2A,n26,42.847209,-2.662913,1,12:36:48,12:51:48
2A,n26,42.847209,-2.662913,1,12:58:14,13:13:14
2A,n26,42.847209,-2.662913,1,13:14:17,13:44:17
2A,n26,42.847209,-2.662913,1,13:55:08,14:55:08
2A,n26,42.847209,-2.662913,1,16:19:43,16:49:43
2A,n26,42.847209,-2.662913,1,17:06:41,18:06:41
2A,n26,42.847209,-2.662913,1,18:26:50,18:56:50
2A,n26,42.847209,-2.662913,1,19:01:14,19:31:14
2A,n26,42.847209,-2.662913,1,19:36:16,19:51:16
2A,n26,42.847209,-2.662913,1,19:58:29,21:28:29
2A,n26,42.847209,-2.662913,2,10:28:38,10:58:38
2A,n26,42.847209,-2.662913,2,11:02:40,12:02:40
2A,n26,42.847209,-2.662913,2,12:04:26,12:19:26
2A,n26,42.847209,-2.662913,2,12:20:30,13:20:30
2A,n26,42.847209,-2.662913,2,13:23:11,14:53:11
2A,n26,42.847209,-2.662913,2,16:18:19,17:18:19
2A,n26,42.847209,-2.662913,2,17:40:01,18:10:01
2A,n26,42.847209,-2.662913,2,18:36:21,19:36:21
2A,n26,42.847209,-2.662913,2,19:38:24,19:53:24
2A,n26,42.847209,-2.662913,2,19:57:18,20:12:18
2A,n26,42.847209,-2.662913,3,10:32:59,10:47:59
2A,n26,42.847209,-2.662913,3,10:50:35,11:05:35
2A,n26,42.847209,-2.662913,3,11:08:50,12:38:50
2A,n26,42.847209,-2.662913,3,12:44:52,12:59:52
2A,n26,42.847209,-2.662913,3,13:00:47,13:15:47
2A,n26,42.847209,-2.662913,3,13:27:44,13:42:44
2A,n26,42.847209,-2.662913,3,13:46:31,14:16:31
2A,n26,42.847209,-2.662913,3,16:17:14,17:47:14
2A,n26,42.847209,-2.662913,3,17:50:08,18:20:08
2A,n26,42.847209,-2.662913,3,18:25:59,19:25:59
2A,n26,42.847209,-2.662913,3,19:35:13,20:35:13
2A,n26,42.847209,-2.662913,4,10:19:31,10:34:31
2A,n26,42.847209,-2.662913,4,10:36:20,11:06:20
2A,n26,42.847209,-2.662913,4,11:18:52,12:18:52
2A,n26,42.847209,-2.662913,4,12:34:27,13:34:27
2A,n26,42.847209,-2.662913,4,13:38:26,14:38:26
2A,n26,42.847209,-2.662913,4,16:05:07,16:35:07
2A,n26,42.847209,-2.662913,4,16:56:34,18:26:34
2A,n26,42.847209,-2.662913,4,18:43:25,18:58:25
2A,n26,42.847209,-2.662913,4,19:00:26,20:30:26
2A,n27,42.848920,-2.672195,1,10:04:48,10:34:48
2A,n27,42.848920,-2.672195,1,10:38:18,10:53:18
2A,n27,42.848920,-2.672195,1,10:56:25,11:56:25
2A,n27,42.848920,-2.672195,1,11:56:49,12:11:49
2A,n27,42.848920,-2.672195,1,12:20:49,12:35:49
2A,n27,42.848920,-2.672195,1,13:08:51,14:08:51
2A,n27,42.848920,-2.672195,1,16:07:38,16:37:38
2A,n27,42.848920,-2.672195,1,16:45:27,17:00:27
2A,n27,42.848920,-2.672195,1,17:20:20,17:50:20
2A,n27,42.848920,-2.672195,1,18:03:38,19:33:38
2A,n27,42.848920,-2.672195,1,19:48:32,21:18:32
2A,n27,42.848920,-2.672195,2,10:56:30,12:26:30
2A,n27,42.848920,-2.672195,2,12:39:20,13:09:20
2A,n27,42.848920,-2.672195,2,13:13:36,14:13:36
2A,n27,42.848920,-2.672195,2,16:53:52,17:23:52
2A,n27,42.848920,-2.672195,2,17:44:30,18:14:30
2A,n27,42.848920,-2.672195,2,18:16:44,18:31:44
2A,n27,42.848920,-2.672195,2,18:46:42,20:16:42
2A,n27,42.848920,-2.672195,3,10:07:58,10:22:58
2A,n27,42.848920,-2.672195,3,10:50:37,11:20:37
2A,n27,42.848920,-2.672195,3,11:29:11,11:59:11
2A,n27,42.848920,-2.672195,3,12:16:45,12:31:45
2A,n27,42.848920,-2.672195,3,12:53:12,13:08:12
2A,n27,42.848920,-2.672195,3,13:36:00,15:06:00
2A,n27,42.848920,-2.672195,3,16:04:15,17:04:15
2A,n27,42.848920,-2.672195,3,17:04:37,17:34:37
2A,n27,42.848920,-2.672195,3,17:40:07,18:10:07
2A,n27,42.848920,-2.672195,3,18:15:40,18:30:40
2A,n27,42.848920,-2.672195,3,18:30:46,20:00:46
2A,n27,42.848920,-2.672195,4,10:04:16,10:34:16
2A,n27,42.848920,-2.672195,4,11:02:36,11:32:36
2A,n27,42.848920,-2.672195,4,11:57:35,12:57:35
2A,n27,42.848920,-2.672195,4,12:58:43,13:13:43
2A,n27,42.848920,-2.672195,4,13:14:05,14:14:05
2A,n27,42.848920,-2.672195,4,16:16:01,17:46:01
2A,n27,42.848920,-2.672195,4,17:49:10,19:19:10
2A,n27,42.848920,-2.672195,4,19:26:49,19:41:49
2A,n27,42.848920,-2.672195,4,19:55:52,20:10:52
2A,n28,42.851552,-2.671803,1,10:26:56,11:26:56
2A,n28,42.851552,-2.671803,1,11:32:28,12:02:28
2A,n28,42.851552,-2.671803,1,12:13:17,12:28:17
2A,n28,42.851552,-2.671803,1,12:42:17,14:12:17
2A,n28,42.851552,-2.671803,1,16:23:02,17:53:02
2A,n28,42.851552,-2.671803,1,17:58:30,18:13:30
2A,n28,42.851552,-2.671803,1,18:18:17,18:33:17
2A,n28,42.851552,-2.671803,1,18:36:59,20:06:59
2A,n28,42.851552,-2.671803,2,10:18:56,11:48:56
2A,n28,42.851552,-2.671803,2,11:56:57,12:11:57
2A,n28,42.851552,-2.671803,2,12:12:44,13:12:44
2A,n28,42.851552,-2.671803,2,13:18:48,13:33:48
2A,n28,42.851552,-2.671803,2,13:35:05,13:50:05
2A,n28,42.851552,-2.671803,2,13:50:34,14:05:34
2A,n28,42.851552,-2.671803,2,16:11:40,16:41:40
2A,n28,42.851552,-2.671803,2,16:52:56,17:22:56
2A,n28,42.851552,-2.671803,2,17:23:03,17:38:03
2A,n28,42.851552,-2.671803,2,17:39:39,17:54:39
2A,n28,42.851552,-2.671803,2,18:01:40,18:16:40
2A,n28,42.851552,-2.671803,2,18:23:34,19:23:34
2A,n28,42.851552,-2.671803,2,19:38:25,19:53:25
2A,n28,42.851552,-2.671803,2,19:54:19,20:09:19
2A,n28,42.851552,-2.671803,3,10:08:55,11:08:55
2A,n28,42.851552,-2.671803,3,11:22:20,11:52:20
2A,n28,42.851552,-2.671803,3,12:10:29,12:25:29
2A,n28,42.851552,-2.671803,3,12:32:56,13:02:56
2A,n28,42.851552,-2.671803,3,13:09:11,13:39:11
2A,n28,42.851552,-2.671803,3,13:52:13,14:22:13
2A,n28,42.851552,-2.671803,3,16:43:40,17:13:40
2A,n28,42.851552,-2.671803,3,17:18:13,17:33:13
2A,n28,42.851552,-2.671803,3,17:34:24,17:49:24
2A,n28,42.851552,-2.671803,3,17:53:51,18:53:51
2A,n28,42.851552,-2.671803,3,19:02:29,20:02:29
2A,n28,42.851552,-2.671803,4,10:31:33,11:01:33
2A,n28,42.851552,-2.671803,4,11:15:33,11:30:33
2A,n28,42.851552,-2.671803,4,11:35:00,12:05:00
2A,n28,42.851552,-2.671803,4,12:18:03,12:33:03
2A,n28,42.851552,-2.671803,4,12:45:29,14:15:29
2A,n28,42.851552,-2.671803,4,16:33:46,16:48:46
2A,n28,42.851552,-2.671803,4,16:55:16,17:25:16
2A,n28,42.851552,-2.671803,4,17:39:04,19:09:04
2A,n28,42.851552,-2.671803,4,19:13:06,19:28:06
2A,n28,42.851552,-2.671803,4,19:32:13,20:32:13
2A,n29,42.847819,-2.672450,1,10:12:23,10:27:23
2A,n29,42.847819,-2.672450,1,10:29:44,10:59:44
2A,n29,42.847819,-2.672450,1,10:59:59,12:29:59
2A,n29,42.847819,-2.672450,1,12:30:14,13:00:14
2A,n29,42.847819,-2.672450,1,13:21:50,13:51:50
2A,n29,42.847819,-2.672450,1,13:56:41,14:26:41
2A,n29,42.847819,-2.672450,1,16:31:58,17:31:58
2A,n29,42.847819,-2.672450,1,17:36:50,17:51:50
2A,n29,42.847819,-2.672450,1,18:02:15,19:32:15
2A,n29,42.847819,-2.672450,1,19:50:18,20:05:18
2A,n29,42.847819,-2.672450,2,10:23:56,10:38:56
2A,n29,42.847819,-2.672450,2,10:43:31,11:13:31
2A,n29,42.847819,-2.672450,2,11:20:55,11:35:55
2A,n29,42.847819,-2.672450,2,11:42:40,12:42:40
2A,n29,42.847819,-2.672450,2,12:46:38,14:16:38
2A,n29,42.847819,-2.672450,2,16:10:59,17:40:59
2A,n29,42.847819,-2.672450,2,17:52:09,18:07:09
2A,n29,42.847819,-2.672450,2,18:07:31,19:07:31
2A,n29,42.847819,-2.672450,2,19:25:56,20:25:56
2A,n29,42.847819,-2.672450,3,10:15:04,10:30:04
2A,n29,42.847819,-2.672450,3,10:56:22,11:26:22
2A,n29,42.847819,-2.672450,3,11:27:19,11:57:19
2A,n29,42.847819,-2.672450,3,11:57:31,12:27:31
2A,n29,42.847819,-2.672450,3,12:28:25,12:58:25
2A,n29,42.847819,-2.672450,3,13:02:09,13:32:09
2A,n29,42.847819,-2.672450,3,13:52:03,15:22:03
2A,n29,42.847819,-2.672450,3,16:15:54,17:15:54
2A,n29,42.847819,-2.672450,3,17:21:29,18:51:29
2A,n29,42.847819,-2.672450,3,18:54:21,19:09:21
2A,n29,42.847819,-2.672450,3,19:21:28,19:36:28
2A,n29,42.847819,-2.672450,3,19:38:34,20:38:34
2A,n29,42.847819,-2.672450,4,10:23:07,11:23:07
2A,n29,42.847819,-2.672450,4,11:51:46,13:21:46
2A,n29,42.847819,-2.672450,4,13:31:05,15:01:05
2A,n29,42.847819,-2.672450,4,16:16:43,16:46:43
2A,n29,42.847819,-2.672450,4,17:00:09,18:30:09
2A,n29,42.847819,-2.672450,4,18:34:56,18:49:56
2A,n29,42.847819,-2.672450,4,18:53:33,20:23:33
2A,n30,42.848879,-2.669770,1,10:41:59,11:11:59
2A,n30,42.848879,-2.669770,1,11:14:08,11:44:08
2A,n30,42.848879,-2.669770,1,11:44:28,12:14:28
2A,n30,42.848879,-2.669770,1,12:14:31,13:14:31
2A,n30,42.848879,-2.669770,1,13:22:57,13:37:57
2A,n30,42.848879,-2.669770,1,13:41:21,13:56:21
2A,n30,42.848879,-2.669770,1,13:58:00,14:28:00
2A,n30,42.848879,-2.669770,1,16:08:03,17:08:03
2A,n30,42.848879,-2.669770,1,17:28:44,18:28:44
2A,n30,42.848879,-2.669770,1,18:38:10,19:38:10
2A,n30,42.848879,-2.669770,1,19:47:56,20:02:56
2A,n30,42.848879,-2.669770,2,10:07:23,11:37:23
2A,n30,42.848879,-2.669770,2,11:41:28,11:56:28
2A,n30,42.848879,-2.669770,2,11:56:48,12:11:48
2A,n30,42.848879,-2.669770,2,12:11:49,13:11:49
2A,n30,42.848879,-2.669770,2,13:13:42,14:43:42
2A,n30,42.848879,-2.669770,2,16:09:06,17:39:06
2A,n30,42.848879,-2.669770,2,17:53:08,18:08:08
2A,n30,42.848879,-2.669770,2,18:10:29,18:25:29
2A,n30,42.848879,-2.669770,2,18:27:09,18:57:09
2A,n30,42.848879,-2.669770,2,19:00:43,20:00:43
2A,n30,42.848879,-2.669770,3,10:58:36,11:58:36
2A,n30,42.848879,-2.669770,3,12:09:45,12:39:45
2A,n30,42.848879,-2.669770,3,12:53:48,13:08:48
2A,n30,42.848879,-2.669770,3,13:19:19,14:49:19
2A,n30,42.848879,-2.669770,3,16:35:00,18:05:00
2A,n30,42.848879,-2.669770,3,18:34:55,19:34:55
2A,n30,42.848879,-2.669770,3,19:52:48,20:07:48
2A,n30,42.848879,-2.669770,4,10:14:17,10:44:17
2A,n30,42.848879,-2.669770,4,10:53:11,12:23:11
2A,n30,42.848879,-2.669770,4,12:25:54,12:40:54
2A,n30,42.848879,-2.669770,4,12:53:06,13:08:06
2A,n30,42.848879,-2.669770,4,13:13:46,13:43:46
2A,n30,42.848879,-2.669770,4,13:48:09,14:18:09
2A,n30,42.848879,-2.669770,4,16:15:57,16:30:57
2A,n30,42.848879,-2.669770,4,16:44:01,18:14:01
2A,n30,42.848879,-2.669770,4,18:37:46,19:07:46
2A,n30,42.848879,-2.669770,4,19:15:54,20:15:54
2B,n31,42.852872,-2.677976,1,10:06:01,10:36:01
2B,n31,42.852872,-2.677976,1,11:03:36,12:03:36
2B,n31,42.852872,-2.677976,1,12:03:41,12:33:41
2B,n31,42.852872,-2.677976,1,12:36:31,13:06:31
2B,n31,42.852872,-2.677976,1,13:19:26,14:19:26
2B,n31,42.852872,-2.677976,1,16:06:54,16:36:54
2B,n31,42.852872,-2.677976,1,16:43:08,17:13:08
2B,n31,42.852872,-2.677976,1,17:13:53,17:28:53
2B,n31,42.852872,-2.677976,1,17:30:48,17:45:48
2B,n31,42.852872,-2.677976,1,17:57:14,18:12:14
2B,n31,42.852872,-2.677976,1,18:17:57,18:32:57
2B,n31,42.852872,-2.677976,1,18:44:44,20:14:44
2B,n31,42.852872,-2.677976,2,10:24:29,11:24:29
2B,n31,42.852872,-2.677976,2,11:34:40,12:04:40
2B,n31,42.852872,-2.677976,2,12:04:59,13:04:59
2B,n31,42.852872,-2.677976,2,13:29:33,13:44:33
2B,n31,42.852872,-2.677976,2,13:45:27,15:15:27
2B,n31,42.852872,-2.677976,2,16:05:49,17:05:49
2B,n31,42.852872,-2.677976,2,17:20:52,17:35:52
2B,n31,42.852872,-2.677976,2,17:37:13,19:07:13
2B,n31,42.852872,-2.677976,2,19:11:32,19:26:32
2B,n31,42.852872,-2.677976,2,19:33:57,19:48:57
2B,n31,42.852872,-2.677976,2,19:54:11,20:54:11
2B,n31,42.852872,-2.677976,3,10:30:46,11:00:46
2B,n31,42.852872,-2.677976,3,11:15:54,11:45:54
2B,n31,42.852872,-2.677976,3,11:50:08,12:05:08
2B,n31,42.852872,-2.677976,3,12:22:38,13:52:38
2B,n31,42.852872,-2.677976,3,13:54:55,14:09:55
2B,n31,42.852872,-2.677976,3,16:01:47,16:31:47
2B,n31,42.852872,-2.677976,3,16:42:23,18:12:23
2B,n31,42.852872,-2.677976,3,18:25:27,18:55:27
2B,n31,42.852872,-2.677976,3,18:56:19,19:26:19
2B,n31,42.852872,-2.677976,3,19:30:27,20:00:27
2B,n31,42.852872,-2.677976,4,10:01:49,11:31:49
2B,n31,42.852872,-2.677976,4,11:36:08,12:36:08
2B,n31,42.852872,-2.677976,4,12:49:35,13:19:35
2B,n31,42.852872,-2.677976,4,13:21:06,13:51:06
2B,n31,42.852872,-2.677976,4,13:57:08,14:27:08
2B,n31,42.852872,-2.677976,4,16:07:34,17:07:34
2B,n31,42.852872,-2.677976,4,17:16:19,18:16:19
2B,n31,42.852872,-2.677976,4,18:22:57,19:22:57
2B,n31,42.852872,-2.677976,4,19:30:08,19:45:08
2B,n31,42.852872,-2.677976,4,19:50:36,20:50:36
2B,n32,42.854209,-2.676412,1,10:44:46,12:14:46
2B,n32,42.854209,-2.676412,1,12:26:02,12:56:02
2B,n32,42.854209,-2.676412,1,13:06:26,13:21:26
2B,n32,42.854209,-2.676412,1,13:21:55,13:36:55
2B,n32,42.854209,-2.676412,1,13:39:04,14:09:04
2B,n32,42.854209,-2.676412,1,16:00:14,16:15:14
2B,n32,42.854209,-2.676412,1,16:19:47,16:49:47
2B,n32,42.854209,-2.676412,1,16:54:36,17:54:36
2B,n32,42.854209,-2.676412,1,18:09:12,18:24:12
2B,n32,42.854209,-2.676412,1,18:29:58,18:59:58
2B,n32,42.854209,-2.676412,1,19:19:41,20:19:41
2B,n32,42.854209,-2.676412,2,10:21:44,10:51:44
2B,n32,42.854209,-2.676412,2,10:54:40,11:54:40
2B,n32,42.854209,-2.676412,2,11:55:03,12:25:03
2B,n32,42.854209,-2.676412,2,12:27:00,12:57:00
2B,n32,42.854209,-2.676412,2,13:04:17,14:34:17
2B,n32,42.854209,-2.676412,2,16:35:56,18:05:56
2B,n32,42.854209,-2.676412,2,18:13:04,19:13:04
2B,n32,42.854209,-2.676412,2,19:14:11,19:44:11
2B,n32,42.854209,-2.676412,2,19:52:47,20:22:47
2B,n32,42.854209,-2.676412,3,10:15:42,10:30:42
2B,n32,42.854209,-2.676412,3,10:31:55,10:46:55
2B,n32,42.854209,-2.676412,3,10:51:52,11:06:52
2B,n32,42.854209,-2.676412,3,11:06:53,11:21:53
2B,n32,42.854209,-2.676412,3,11:23:55,12:53:55
2B,n32,42.854209,-2.676412,3,13:14:08,14:14:08
2B,n32,42.854209,-2.676412,3,16:32:09,17:02:09
2B,n32,42.854209,-2.676412,3,17:13:39,17:28:39
2B,n32,42.854209,-2.676412,3,17:29:15,17:59:15
2B,n32,42.854209,-2.676412,3,17:59:34,19:29:34
2B,n32,42.854209,-2.676412,3,19:30:07,21:00:07
2B,n32,42.854209,-2.676412,4,10:05:55,10:35:55
2B,n32,42.854209,-2.676412,4,10:46:24,11:16:24
2B,n32,42.854209,-2.676412,4,11:24:15,11:39:15
2B,n32,42.854209,-2.676412,4,11:39:18,12:09:18
2B,n32,42.854209,-2.676412,4,12:11:34,12:26:34
2B,n32,42.854209,-2.676412,4,12:33:13,13:03:13
2B,n32,42.854209,-2.676412,4,13:07:31,14:37:31
2B,n32,42.854209,-2.676412,4,16:31:49,18:01:49
2B,n32,42.854209,-2.676412,4,18:06:03,18:36:03
2B,n32,42.854209,-2.676412,4,18:37:38,20:07:38
2B,n33,42.851632,-2.674028,1,10:27:57,11:27:57
2B,n33,42.851632,-2.674028,1,11:37:24,11:52:24
2B,n33,42.851632,-2.674028,1,12:07:40,12:37:40
2B,n33,42.851632,-2.674028,1,12:52:38,14:22:38
2B,n33,42.851632,-2.674028,1,16:11:47,16:26:47
2B,n33,42.851632,-2.674028,1,16:41:19,17:11:19
2B,n33,42.851632,-2.674028,1,17:18:31,18:18:31
2B,n33,42.851632,-2.674028,1,18:21:44,18:36:44
2B,n33,42.851632,-2.674028,1,18:40:20,20:10:20
2B,n33,42.851632,-2.674028,2,10:14:24,10:29:24
2B,n33,42.851632,-2.674028,2,10:31:05,10:46:05
2B,n33,42.851632,-2.674028,2,10:56:41,11:26:41
2B,n33,42.851632,-2.674028,2,11:30:51,12:00:51
2B,n33,42.851632,-2.674028,2,12:23:05,12:53:05
2B,n33,42.851632,-2.674028,2,12:58:26,13:13:26
2B,n33,42.851632,-2.674028,2,13:17:22,14:47:22
2B,n33,42.851632,-2.674028,2,16:18:08,17:18:08
2B,n33,42.851632,-2.674028,2,17:22:08,17:37:08
2B,n33,42.851632,-2.674028,2,17:41:50,18:41:50
2B,n33,42.851632,-2.674028,2,18:48:16,19:18:16
2B,n33,42.851632,-2.674028,2,19:22:46,19:37:46
2B,n33,42.851632,-2.674028,2,19:49:33,21:19:33
2B,n33,42.851632,-2.674028,3,10:21:13,10:36:13
2B,n33,42.851632,-2.674028,3,10:39:24,11:39:24
2B,n33,42.851632,-2.674028,3,11:53:11,12:53:11
2B,n33,42.851632,-2.674028,3,12:55:11,13:10:11
2B,n33,42.851632,-2.674028,3,13:21:43,13:51:43
2B,n33,42.851632,-2.674028,3,13:52:13,14:52:13
2B,n33,42.851632,-2.674028,3,16:11:32,17:41:32
2B,n33,42.851632,-2.674028,3,17:52:46,18:22:46
2B,n33,42.851632,-2.674028,3,18:30:44,19:00:44
2B,n33,42.851632,-2.674028,3,19:03:34,20:33:34
2B,n33,42.851632,-2.674028,4,10:10:18,11:10:18
2B,n33,42.851632,-2.674028,4,11:11:25,11:41:25
2B,n33,42.851632,-2.674028,4,11:43:36,11:58:36
2B,n33,42.851632,-2.674028,4,12:02:03,12:32:03
2B,n33,42.851632,-2.674028,4,12:46:17,13:16:17
2B,n33,42.851632,-2.674028,4,13:25:20,13:55:20
2B,n33,42.851632,-2.674028,4,13:56:14,15:26:14
2B,n33,42.851632,-2.674028,4,16:27:52,17:27:52
2B,n33,42.851632,-2.674028,4,17:30:55,18:00:55
2B,n33,42.851632,-2.674028,4,18:02:40,18:17:40
2B,n33,42.851632,-2.674028,4,18:35:12,18:50:12
2B,n33,42.851632,-2.674028,4,18:51:32,20:21:32
2B,n34,42.852995,-2.679119,1,10:39:20,11:09:20
2B,n34,42.852995,-2.679119,1,11:30:57,12:30:57
2B,n34,42.852995,-2.679119,1,13:14:56,13:29:56
2B,n34,42.852995,-2.679119,1,13:42:30,15:12:30
2B,n34,42.852995,-2.679119,1,16:29:53,16:59:53
2B,n34,42.852995,-2.679119,1,17:26:01,18:26:01
2B,n34,42.852995,-2.679119,1,18:41:58,18:56:58
2B,n34,42.852995,-2.679119,1,19:08:37,19:38:37
2B,n34,42.852995,-2.679119,1,19:43:03,20:13:03
2B,n34,42.852995,-2.679119,2,10:08:08,10:23:08
2B,n34,42.852995,-2.679119,2,10:41:41,10:56:41
2B,n34,42.852995,-2.679119,2,11:16:36,11:31:36
2B,n34,42.852995,-2.679119,2,11:41:22,12:41:22
2B,n34,42.852995,-2.679119,2,13:07:03,13:22:03
2B,n34,42.852995,-2.679119,2,13:22:52,13:52:52
2B,n34,42.852995,-2.679119,2,13:56:45,14:26:45
2B,n34,42.852995,-2.679119,2,16:11:20,16:41:20
2B,n34,42.852995,-2.679119,2,17:06:47,17:36:47
2B,n34,42.852995,-2.679119,2,17:43:54,17:58:54
2B,n34,42.852995,-2.679119,2,18:02:48,18:32:48
2B,n34,42.852995,-2.679119,2,18:43:52,19:13:52
2B,n34,42.852995,-2.679119,2,19:37:33,20:07:33
2B,n34,42.852995,-2.679119,3,10:27:28,11:57:28
2B,n34,42.852995,-2.679119,3,11:59:37,13:29:37
2B,n34,42.852995,-2.679119,3,13:46:10,14:16:10
2B,n34,42.852995,-2.679119,3,16:10:47,16:25:47
2B,n34,42.852995,-2.679119,3,16:59:32,17:29:32
2B,n34,42.852995,-2.679119,3,17:31:23,19:01:23
2B,n34,42.852995,-2.679119,3,19:02:49,19:17:49
2B,n34,42.852995,-2.679119,3,19:22:39,20:52:39
2B,n34,42.852995,-2.679119,4,10:22:55,11:22:55
2B,n34,42.852995,-2.679119,4,11:23:56,12:53:56
2B,n34,42.852995,-2.679119,4,13:11:12,13:41:12
2B,n34,42.852995,-2.679119,4,13:53:57,14:23:57
2B,n34,42.852995,-2.679119,4,16:09:51,16:39:51
2B,n34,42.852995,-2.679119,4,16:46:55,17:01:55
2B,n34,42.852995,-2.679119,4,17:02:34,17:17:34
2B,n34,42.852995,-2.679119,4,17:34:00,18:04:00
2B,n34,42.852995,-2.679119,4,18:19:06,18:34:06
2B,n34,42.852995,-2.679119,4,18:37:41,18:52:41
2B,n34,42.852995,-2.679119,4,18:57:09,19:57:09
2B,n35,42.854321,-2.675353,1,10:20:47,10:50:47
2B,n35,42.854321,-2.675353,1,11:00:43,12:00:43
2B,n35,42.854321,-2.675353,1,12:25:12,12:40:12
2B,n35,42.854321,-2.675353,1,12:41:39,12:56:39
2B,n35,42.854321,-2.675353,1,13:05:16,13:35:16
2B,n35,42.854321,-2.675353,1,13:37:28,13:52:28
2B,n35,42.854321,-2.675353,1,13:54:35,14:24:35
2B,n35,42.854321,-2.675353,1,16:18:54,16:33:54
2B,n35,42.854321,-2.675353,1,16:53:02,17:23:02
2B,n35,42.854321,-2.675353,1,17:32:04,18:02:04
2B,n35,42.854321,-2.675353,1,18:09:44,18:39:44
2B,n35,42.854321,-2.675353,1,18:39:54,18:54:54
2B,n35,42.854321,-2.675353,1,19:02:23,19:17:23
2B,n35,42.854321,-2.675353,1,19:26:43,19:41:43
2B,n35,42.854321,-2.675353,1,19:47:17,21:17:17
2B,n35,42.854321,-2.675353,2,10:01:05,11:01:05
2B,n35,42.854321,-2.675353,2,11:05:19,12:35:19
2B,n35,42.854321,-2.675353,2,12:57:30,14:27:30
2B,n35,42.854321,-2.675353,2,16:33:44,16:48:44
2B,n35,42.854321,-2.675353,2,17:07:31,18:07:31
2B,n35,42.854321,-2.675353,2,18:07:57,18:37:57
2B,n35,42.854321,-2.675353,2,19:04:42,20:04:42
2B,n35,42.854321,-2.675353,3,10:30:58,11:30:58
2B,n35,42.854321,-2.675353,3,11:31:38,13:01:38
2B,n35,42.854321,-2.675353,3,13:04:20,14:04:20
2B,n35,42.854321,-2.675353,3,16:08:57,17:08:57
2B,n35,42.854321,-2.675353,3,17:11:05,17:41:05
2B,n35,42.854321,-2.675353,3,17:45:25,18:15:25
2B,n35,42.854321,-2.675353,3,18:18:46,18:33:46
2B,n35,42.854321,-2.675353,3,18:39:58,18:54:58
2B,n35,42.854321,-2.675353,3,18:56:54,19:26:54
2B,n35,42.854321,-2.675353,3,19:40:14,19:55:14
2B,n35,42.854321,-2.675353,3,19:56:00,21:26:00
2B,n35,42.854321,-2.675353,4,10:08:46,10:38:46
2B,n35,42.854321,-2.675353,4,10:51:41,11:51:41
2B,n35,42.854321,-2.675353,4,11:57:21,12:12:21
2B,n35,42.854321,-2.675353,4,12:17:11,12:47:11
2B,n35,42.854321,-2.675353,4,12:48:43,13:03:43
2B,n35,42.854321,-2.675353,4,13:13:43,14:43:43
2B,n35,42.854321,-2.675353,4,16:25:32,16:40:32
2B,n35,42.854321,-2.675353,4,16:51:25,18:21:25
2B,n35,42.854321,-2.675353,4,18:22:10,19:22:10
2B,n35,42.854321,-2.675353,4,19:25:56,20:25:56
2B,n36,42.853523,-2.673979,1,10:21:14,11:21:14
2B,n36,42.853523,-2.673979,1,11:29:41,12:29:41
2B,n36,42.853523,-2.673979,1,12:39:02,13:09:02
2B,n36,42.853523,-2.673979,1,13:14:01,14:44:01
2B,n36,42.853523,-2.673979,1,16:28:46,16:58:46
2B,n36,42.853523,-2.673979,1,17:12:33,18:12:33
2B,n36,42.853523,-2.673979,1,18:14:37,19:44:37
2B,n36,42.853523,-2.673979,1,19:55:29,20:55:29
2B,n36,42.853523,-2.673979,2,10:05:01,10:20:01
2B,n36,42.853523,-2.673979,2,10:45:29,11:15:29
2B,n36,42.853523,-2.673979,2,11:23:26,11:38:26
2B,n36,42.853523,-2.673979,2,11:49:26,13:19:26
2B,n36,42.853523,-2.673979,2,13:28:07,13:58:07
2B,n36,42.853523,-2.673979,2,16:39:32,17:39:32
2B,n36,42.853523,-2.673979,2,17:49:28,18:19:28
2B,n36,42.853523,-2.673979,2,18:21:48,18:51:48
2B,n36,42.853523,-2.673979,2,18:57:35,19:12:35
2B,n36,42.853523,-2.673979,2,19:24:09,19:54:09
2B,n36,42.853523,-2.673979,2,19:54:16,21:24:16
2B,n36,42.853523,-2.673979,3,10:34:24,11:04:24
2B,n36,42.853523,-2.673979,3,11:09:18,11:39:18
2B,n36,42.853523,-2.673979,3,11:41:19,12:11:19
2B,n36,42.853523,-2.673979,3,12:20:05,12:35:05
2B,n36,42.853523,-2.673979,3,12:45:01,14:15:01
2B,n36,42.853523,-2.673979,3,16:32:00,17:32:00
2B,n36,42.853523,-2.673979,3,17:49:49,18:19:49
2B,n36,42.853523,-2.673979,3,18:34:08,20:04:08
2B,n36,42.853523,-2.673979,4,10:03:55,11:33:55
2B,n36,42.853523,-2.673979,4,11:47:54,12:47:54
2B,n36,42.853523,-2.673979,4,12:50:11,13:20:11
2B,n36,42.853523,-2.673979,4,13:22:02,13:37:02
2B,n36,42.853523,-2.673979,4,13:42:15,15:12:15
2B,n36,42.853523,-2.673979,4,16:45:12,18:15:12
2B,n36,42.853523,-2.673979,4,18:20:24,18:35:24
2B,n36,42.853523,-2.673979,4,19:03:40,20:03:40
2B,n37,42.852388,-2.674029,1,10:19:04,10:49:04
2B,n37,42.852388,-2.674029,1,11:09:06,11:24:06
2B,n37,42.852388,-2.674029,1,11:37:42,12:07:42
2B,n37,42.852388,-2.674029,1,12:28:30,12:58:30
2B,n37,42.852388,-2.674029,1,13:10:44,14:40:44
2B,n37,42.852388,-2.674029,1,16:04:12,16:19:12
2B,n37,42.852388,-2.674029,1,16:30:04,16:45:04
2B,n37,42.852388,-2.674029,1,16:57:49,17:27:49
2B,n37,42.852388,-2.674029,1,17:46:12,19:16:12
2B,n37,42.852388,-2.674029,1,19:24:22,19:54:22
2B,n37,42.852388,-2.674029,1,19:56:34,20:11:34
2B,n37,42.852388,-2.674029,2,10:10:16,10:40:16
2B,n37,42.852388,-2.674029,2,10:55:35,11:25:35
2B,n37,42.852388,-2.674029,2,11:27:13,11:42:13
2B,n37,42.852388,-2.674029,2,11:55:37,12:55:37
2B,n37,42.852388,-2.674029,2,13:21:12,13:36:12
2B,n37,42.852388,-2.674029,2,13:36:51,13:51:51
2B,n37,42.852388,-2.674029,2,13:53:05,15:23:05
2B,n37,42.852388,-2.674029,2,16:19:57,16:49:57
2B,n37,42.852388,-2.674029,2,16:57:50,17:12:50
2B,n37,42.852388,-2.674029,2,17:20:34,17:35:34
2B,n37,42.852388,-2.674029,2,17:39:58,18:09:58
2B,n37,42.852388,-2.674029,2,18:40:45,19:40:45
2B,n37,42.852388,-2.674029,2,19:46:11,20:16:11
2B,n37,42.852388,-2.674029,3,10:00:47,10:30:47
2B,n37,42.852388,-2.674029,3,10:33:51,10:48:51
2B,n37,42.852388,-2.674029,3,10:49:03,11:49:03
2B,n37,42.852388,-2.674029,3,11:49:06,12:04:06
2B,n37,42.852388,-2.674029,3,12:07:02,12:22:02
2B,n37,42.852388,-2.674029,3,12:33:20,14:03:20
2B,n37,42.852388,-2.674029,3,16:40:49,18:10:49
2B,n37,42.852388,-2.674029,3,18:16:15,19:16:15
2B,n37,42.852388,-2.674029,3,19:25:08,20:55:08
2B,n37,42.852388,-2.674029,4,10:14:22,10:29:22
2B,n37,42.852388,-2.674029,4,10:51:35,11:06:35
2B,n37,42.852388,-2.674029,4,11:19:42,11:34:42
2B,n37,42.852388,-2.674029,4,11:40:45,12:10:45
2B,n37,42.852388,-2.674029,4,12:13:21,12:28:21
2B,n37,42.852388,-2.674029,4,12:57:59,13:12:59
2B,n37,42.852388,-2.674029,4,13:13:49,13:43:49
2B,n37,42.852388,-2.674029,4,13:54:37,14:09:37
2B,n37,42.852388,-2.674029,4,16:21:29,17:21:29
2B,n37,42.852388,-2.674029,4,17:25:30,18:25:30
2B,n37,42.852388,-2.674029,4,18:30:25,18:45:25
2B,n37,42.852388,-2.674029,4,19:07:54,20:07:54
2B,n38,42.855262,-2.674785,1,10:13:56,11:43:56
2B,n38,42.855262,-2.674785,1,11:57:24,12:12:24
2B,n38,42.855262,-2.674785,1,12:31:28,14:01:28
2B,n38,42.855262,-2.674785,1,16:39:24,17:39:24
2B,n38,42.855262,-2.674785,1,17:55:53,19:25:53
2B,n38,42.855262,-2.674785,1,19:34:10,21:04:10
2B,n38,42.855262,-2.674785,2,10:03:36,11:03:36
2B,n38,42.855262,-2.674785,2,11:06:08,12:36:08
2B,n38,42.855262,-2.674785,2,12:41:05,13:11:05
2B,n38,42.855262,-2.674785,2,13:25:24,14:25:24
2B,n38,42.855262,-2.674785,2,16:01:28,17:31:28
2B,n38,42.855262,-2.674785,2,17:45:32,18:45:32
2B,n38,42.855262,-2.674785,2,18:55:30,19:25:30
2B,n38,42.855262,-2.674785,2,19:30:29,19:45:29
2B,n38,42.855262,-2.674785,2,19:47:50,20:47:50
2B,n38,42.855262,-2.674785,3,10:36:55,12:06:55
2B,n38,42.855262,-2.674785,3,12:09:07,13:09:07
2B,n38,42.855262,-2.674785,3,13:14:41,13:29:41
2B,n38,42.855262,-2.674785,3,13:29:43,14:59:43
2B,n38,42.855262,-2.674785,3,16:04:38,16:34:38
2B,n38,42.855262,-2.674785,3,16:43:21,16:58:21
2B,n38,42.855262,-2.674785,3,17:05:20,18:35:20
2B,n38,42.855262,-2.674785,3,18:36:32,18:51:32
2B,n38,42.855262,-2.674785,3,18:53:25,19:08:25
2B,n38,42.855262,-2.674785,3,19:18:52,20:18:52
2B,n38,42.855262,-2.674785,4,10:24:02,11:54:02
2B,n38,42.855262,-2.674785,4,11:58:38,12:13:38
2B,n38,42.855262,-2.674785,4,12:15:36,13:15:36
2B,n38,42.855262,-2.674785,4,13:32:23,14:32:23
2B,n38,42.855262,-2.674785,4,16:00:32,17:00:32
2B,n38,42.855262,-2.674785,4,17:09:29,18:09:29
2B,n38,42.855262,-2.674785,4,18:11:58,19:11:58
2B,n38,42.855262,-2.674785,4,19:34:25,20:04:25
2B,n39,42.852070,-2.674191,1,10:33:31,10:48:31
2B,n39,42.852070,-2.674191,1,10:51:56,11:21:56
2B,n39,42.852070,-2.674191,1,11:27:39,12:27:39
2B,n39,42.852070,-2.674191,1,12:31:48,13:01:48
2B,n39,42.852070,-2.674191,1,13:06:32,14:36:32
2B,n39,42.852070,-2.674191,1,16:21:44,16:51:44
2B,n39,42.852070,-2.674191,1,16:56:40,17:11:40
2B,n39,42.852070,-2.674191,1,17:15:50,17:30:50
2B,n39,42.852070,-2.674191,1,17:33:58,19:03:58
2B,n39,42.852070,-2.674191,1,19:21:04,20:21:04
2B,n39,42.852070,-2.674191,2,10:07:58,10:22:58
2B,n39,42.852070,-2.674191,2,10:51:03,11:51:03
2B,n39,42.852070,-2.674191,2,12:01:23,12:31:23
2B,n39,42.852070,-2.674191,2,12:40:10,13:40:10
2B,n39,42.852070,-2.674191,2,13:46:50,15:16:50
2B,n39,42.852070,-2.674191,2,16:00:45,17:00:45
2B,n39,42.852070,-2.674191,2,17:19:33,17:34:33
2B,n39,42.852070,-2.674191,2,17:41:52,17:56:52
2B,n39,42.852070,-2.674191,2,18:21:15,18:51:15
2B,n39,42.852070,-2.674191,2,19:02:27,19:32:27
2B,n39,42.852070,-2.674191,2,19:43:00,21:13:00
2B,n39,42.852070,-2.674191,3,10:31:44,11:31:44
2B,n39,42.852070,-2.674191,3,11:53:15,13:23:15
2B,n39,42.852070,-2.674191,3,13:27:39,13:42:39
2B,n39,42.852070,-2.674191,3,13:43:09,14:43:09
2B,n39,42.852070,-2.674191,3,16:05:30,17:35:30
2B,n39,42.852070,-2.674191,3,17:39:51,17:54:51
2B,n39,42.852070,-2.674191,3,18:12:10,18:27:10
2B,n39,42.852070,-2.674191,3,18:27:24,19:57:24
2B,n39,42.852070,-2.674191,4,10:35:07,11:05:07
2B,n39,42.852070,-2.674191,4,11:16:40,11:46:40
2B,n39,42.852070,-2.674191,4,11:48:58,12:48:58
2B,n39,42.852070,-2.674191,4,13:12:28,13:42:28
2B,n39,42.852070,-2.674191,4,13:58:36,14:13:36
2B,n39,42.852070,-2.674191,4,16:43:27,18:13:27
2B,n39,42.852070,-2.674191,4,18:23:22,19:23:22
2B,n39,42.852070,-2.674191,4,19:24:40,20:54:40
2B,n40,42.854413,-2.677201,1,10:32:48,12:02:48
2B,n40,42.854413,-2.677201,1,12:09:07,12:24:07
2B,n40,42.854413,-2.677201,1,12:26:48,12:56:48
2B,n40,42.854413,-2.677201,1,13:15:20,14:15:20
2B,n40,42.854413,-2.677201,1,16:22:36,16:52:36
2B,n40,42.854413,-2.677201,1,17:03:49,17:18:49
2B,n40,42.854413,-2.677201,1,17:23:30,18:53:30
2B,n40,42.854413,-2.677201,1,19:01:05,20:01:05
2B,n40,42.854413,-2.677201,2,11:00:23,12:00:23
2B,n40,42.854413,-2.677201,2,12:10:02,12:25:02
2B,n40,42.854413,-2.677201,2,12:46:26,13:46:26
2B,n40,42.854413,-2.677201,2,13:53:58,14:53:58
2B,n40,42.854413,-2.677201,2,16:12:47,16:27:47
2B,n40,42.854413,-2.677201,2,16:52:12,17:22:12
2B,n40,42.854413,-2.677201,2,17:28:57,17:58:57
2B,n40,42.854413,-2.677201,2,18:07:35,18:22:35
2B,n40,42.854413,-2.677201,2,18:24:45,19:24:45
2B,n40,42.854413,-2.677201,2,19:42:42,21:12:42
2B,n40,42.854413,-2.677201,3,10:52:54,12:22:54
2B,n40,42.854413,-2.677201,3,12:33:23,13:33:23
2B,n40,42.854413,-2.677201,3,13:36:54,14:06:54
2B,n40,42.854413,-2.677201,3,16:04:41,16:34:41
2B,n40,42.854413,-2.677201,3,16:45:22,17:45:22
2B,n40,42.854413,-2.677201,3,17:55:53,19:25:53
2B,n40,42.854413,-2.677201,3,19:27:33,19:57:33
2B,n40,42.854413,-2.677201,4,10:06:54,10:21:54
2B,n40,42.854413,-2.677201,4,10:27:03,10:57:03
2B,n40,42.854413,-2.677201,4,11:01:00,11:16:00
2B,n40,42.854413,-2.677201,4,11:21:18,11:36:18
2B,n40,42.854413,-2.677201,4,11:41:57,12:11:57
2B,n40,42.854413,-2.677201,4,12:17:46,13:17:46
2B,n40,42.854413,-2.677201,4,13:30:19,15:00:19
2B,n40,42.854413,-2.677201,4,16:08:37,17:38:37
2B,n40,42.854413,-2.677201,4,17:48:20,19:18:20
2B,n40,42.854413,-2.677201,4,19:34:55,20:04:55
2C,n41,42.849384,-2.677384,1,10:33:27,12:03:27
2C,n41,42.849384,-2.677384,1,12:12:46,12:27:46
2C,n41,42.849384,-2.677384,1,12:29:04,13:29:04
2C,n41,42.849384,-2.677384,1,13:30:23,14:30:23
2C,n41,42.849384,-2.677384,1,16:09:58,17:09:58
2C,n41,42.849384,-2.677384,1,17:11:14,17:26:14
2C,n41,42.849384,-2.677384,1,17:26:28,18:26:28
2C,n41,42.849384,-2.677384,1,18:45:44,19:15:44
2C,n41,42.849384,-2.677384,1,19:23:43,20:23:43
2C,n41,42.849384,-2.677384,2,10:49:56,11:49:56
2C,n41,42.849384,-2.677384,2,11:59:24,12:14:24
2C,n41,42.849384,-2.677384,2,12:16:19,12:46:19
2C,n41,42.849384,-2.677384,2,12:48:52,14:18:52
2C,n41,42.849384,-2.677384,2,16:13:06,17:43:06
2C,n41,42.849384,-2.677384,2,17:50:51,19:20:51
2C,n41,42.849384,-2.677384,2,19:25:04,20:25:04
2C,n41,42.849384,-2.677384,3,10:16:40,10:31:40
2C,n41,42.849384,-2.677384,3,10:38:39,12:08:39
2C,n41,42.849384,-2.677384,3,12:16:44,12:31:44
2C,n41,42.849384,-2.677384,3,12:44:00,13:14:00
2C,n41,42.849384,-2.677384,3,13:30:47,14:30:47
2C,n41,42.849384,-2.677384,3,16:05:12,17:35:12
2C,n41,42.849384,-2.677384,3,17:36:04,17:51:04
2C,n41,42.849384,-2.677384,3,17:52:38,18:52:38
2C,n41,42.849384,-2.677384,3,19:07:00,19:37:00
2C,n41,42.849384,-2.677384,3,19:42:08,20:42:08
2C,n41,42.849384,-2.677384,4,10:37:58,10:52:58
2C,n41,42.849384,-2.677384,4,10:59:01,11:14:01
2C,n41,42.849384,-2.677384,4,11:20:51,11:35:51
2C,n41,42.849384,-2.677384,4,11:49:20,13:19:20
2C,n41,42.849384,-2.677384,4,13:34:54,15:04:54
2C,n41,42.849384,-2.677384,4,16:04:41,17:04:41
2C,n41,42.849384,-2.677384,4,17:08:33,18:08:33
2C,n41,42.849384,-2.677384,4,18:15:41,18:45:41
2C,n41,42.849384,-2.677384,4,18:54:02,19:09:02
2C,n41,42.849384,-2.677384,4,19:20:33,20:50:33
2C,n42,42.850134,-2.676031,1,10:04:07,11:04:07
2C,n42,42.850134,-2.676031,1,11:11:47,11:26:47
2C,n42,42.850134,-2.676031,1,11:27:40,11:42:40
2C,n42,42.850134,-2.676031,1,11:46:35,12:46:35
2C,n42,42.850134,-2.676031,1,13:13:41,14:43:41
2C,n42,42.850134,-2.676031,1,16:05:48,16:35:48
2C,n42,42.850134,-2.676031,1,16:56:58,18:26:58
2C,n42,42.850134,-2.676031,1,18:49:23,19:49:23
2C,n42,42.850134,-2.676031,1,19:55:35,20:55:35
2C,n42,42.850134,-2.676031,2,10:13:13,11:43:13
2C,n42,42.850134,-2.676031,2,12:01:14,12:31:14
2C,n42,42.850134,-2.676031,2,12:33:53,14:03:53
2C,n42,42.850134,-2.676031,2,16:15:28,16:45:28
2C,n42,42.850134,-2.676031,2,16:48:24,17:03:24
2C,n42,42.850134,-2.676031,2,17:06:18,17:21:18
2C,n42,42.850134,-2.676031,2,17:34:41,18:34:41
2C,n42,42.850134,-2.676031,2,18:36:53,19:06:53
2C,n42,42.850134,-2.676031,2,19:11:33,20:11:33
2C,n42,42.850134,-2.676031,3,10:09:45,10:39:45
2C,n42,42.850134,-2.676031,3,10:39:52,11:09:52
2C,n42,42.850134,-2.676031,3,11:11:14,12:11:14
2C,n42,42.850134,-2.676031,3,12:27:12,12:57:12
2C,n42,42.850134,-2.676031,3,13:24:46,13:39:46
2C,n42,42.850134,-2.676031,3,13:45:15,14:15:15
2C,n42,42.850134,-2.676031,3,16:21:07,17:21:07
2C,n42,42.850134,-2.676031,3,17:29:52,17:44:52
2C,n42,42.850134,-2.676031,3,18:06:11,18:36:11
2C,n42,42.850134,-2.676031,3,18:45:19,19:00:19
2C,n42,42.850134,-2.676031,3,19:05:45,19:20:45
2C,n42,42.850134,-2.676031,3,19:33:27,20:33:27
2C,n42,42.850134,-2.676031,4,10:15:20,11:45:20
2C,n42,42.850134,-2.676031,4,11:55:16,12:10:16
2C,n42,42.850134,-2.676031,4,12:13:44,12:28:44
2C,n42,42.850134,-2.676031,4,12:43:23,12:58:23
2C,n42,42.850134,-2.676031,4,13:06:07,14:36:07
2C,n42,42.850134,-2.676031,4,16:11:08,16:26:08
2C,n42,42.850134,-2.676031,4,16:40:45,17:10:45
2C,n42,42.850134,-2.676031,4,17:20:45,18:20:45
2C,n42,42.850134,-2.676031,4,18:35:24,18:50:24
2C,n42,42.850134,-2.676031,4,19:00:06,19:15:06
2C,n42,42.850134,-2.676031,4,19:20:11,19:50:11
2C,n42,42.850134,-2.676031,4,19:52:49,20:52:49
2C,n43,42.848232,-2.677220,1,10:36:43,11:06:43
2C,n43,42.848232,-2.677220,1,11:24:48,11:39:48
2C,n43,42.848232,-2.677220,1,11:42:16,12:12:16
2C,n43,42.848232,-2.677220,1,12:13:13,13:43:13
2C,n43,42.848232,-2.677220,1,13:45:42,14:00:42
2C,n43,42.848232,-2.677220,1,16:01:19,16:16:19
2C,n43,42.848232,-2.677220,1,16:44:07,17:44:07
2C,n43,42.848232,-2.677220,1,18:09:24,18:24:24
2C,n43,42.848232,-2.677220,1,18:35:18,20:05:18
2C,n43,42.848232,-2.677220,2,10:49:35,11:19:35
2C,n43,42.848232,-2.677220,2,11:28:21,12:28:21
2C,n43,42.848232,-2.677220,2,12:39:20,13:09:20
2C,n43,42.848232,-2.677220,2,13:14:15,13:44:15
2C,n43,42.848232,-2.677220,2,13:44:55,15:14:55
2C,n43,42.848232,-2.677220,2,16:16:10,16:31:10
2C,n43,42.848232,-2.677220,2,16:37:37,17:07:37
2C,n43,42.848232,-2.677220,2,17:12:17,17:27:17
2C,n43,42.848232,-2.677220,2,17:43:30,17:58:30
2C,n43,42.848232,-2.677220,2,18:09:36,18:39:36
2C,n43,42.848232,-2.677220,2,18:51:54,19:51:54
2C,n43,42.848232,-2.677220,2,19:53:15,20:08:15
2C,n43,42.848232,-2.677220,3,10:26:47,11:26:47
2C,n43,42.848232,-2.677220,3,11:36:22,12:06:22
2C,n43,42.848232,-2.677220,3,12:18:13,12:33:13
2C,n43,42.848232,-2.677220,3,12:55:26,13:55:26
2C,n43,42.848232,-2.677220,3,13:55:48,14:25:48
2C,n43,42.848232,-2.677220,3,16:14:15,16:44:15
2C,n43,42.848232,-2.677220,3,16:56:23,17:56:23
2C,n43,42.848232,-2.677220,3,18:19:49,19:19:49
2C,n43,42.848232,-2.677220,3,19:23:47,20:23:47
2C,n43,42.848232,-2.677220,4,10:08:21,11:08:21
2C,n43,42.848232,-2.677220,4,11:18:08,11:33:08
2C,n43,42.848232,-2.677220,4,11:36:38,12:36:38
2C,n43,42.848232,-2.677220,4,12:41:28,12:56:28
2C,n43,42.848232,-2.677220,4,13:10:06,14:10:06
2C,n43,42.848232,-2.677220,4,16:06:38,17:36:38
2C,n43,42.848232,-2.677220,4,17:38:42,18:38:42
2C,n43,42.848232,-2.677220,4,18:47:25,20:17:25
2C,n44,42.847121,-2.673524,1,10:17:34,10:32:34
2C,n44,42.847121,-2.673524,1,10:53:37,11:53:37
2C,n44,42.847121,-2.673524,1,11:56:41,12:26:41
2C,n44,42.847121,-2.673524,1,12:27:55,12:57:55
2C,n44,42.847121,-2.673524,1,13:18:29,14:18:29
2C,n44,42.847121,-2.673524,1,16:24:10,16:39:10
2C,n44,42.847121,-2.673524,1,16:53:54,17:53:54
2C,n44,42.847121,-2.673524,1,18:10:40,19:40:40
2C,n44,42.847121,-2.673524,1,19:56:42,21:26:42
2C,n44,42.847121,-2.673524,2,10:08:28,10:38:28
2C,n44,42.847121,-2.673524,2,10:42:45,10:57:45
2C,n44,42.847121,-2.673524,2,11:04:00,12:34:00
2C,n44,42.847121,-2.673524,2,13:02:41,13:32:41
2C,n44,42.847121,-2.673524,2,13:35:16,15:05:16
2C,n44,42.847121,-2.673524,2,16:22:52,17:22:52
2C,n44,42.847121,-2.673524,2,17:45:20,18:00:20
2C,n44,42.847121,-2.673524,2,18:07:20,18:22:20
2C,n44,42.847121,-2.673524,2,18:25:29,18:55:29
2C,n44,42.847121,-2.673524,2,18:58:20,19:13:20
2C,n44,42.847121,-2.673524,2,19:24:04,20:54:04
2C,n44,42.847121,-2.673524,3,10:27:33,11:57:33
2C,n44,42.847121,-2.673524,3,12:06:33,12:36:33
2C,n44,42.847121,-2.673524,3,12:39:54,12:54:54
2C,n44,42.847121,-2.673524,3,13:16:01,13:46:01
2C,n44,42.847121,-2.673524,3,13:58:15,14:58:15
2C,n44,42.847121,-2.673524,3,16:24:38,17:24:38
2C,n44,42.847121,-2.673524,3,17:34:44,19:04:44
2C,n44,42.847121,-2.673524,3,19:15:33,19:30:33
2C,n44,42.847121,-2.673524,3,19:32:39,20:32:39
2C,n44,42.847121,-2.673524,4,10:17:56,11:47:56
2C,n44,42.847121,-2.673524,4,11:51:04,13:21:04
2C,n44,42.847121,-2.673524,4,13:22:49,14:52:49
2C,n44,42.847121,-2.673524,4,16:03:00,16:33:00
2C,n44,42.847121,-2.673524,4,16:39:40,18:09:40
2C,n44,42.847121,-2.673524,4,18:26:00,18:56:00
2C,n44,42.847121,-2.673524,4,19:01:11,19:31:11
2C,n44,42.847121,-2.673524,4,19:32:25,19:47:25
2C,n44,42.847121,-2.673524,4,19:51:20,20:06:20
2C,n45,42.847966,-2.676557,1,10:22:49,11:22:49
2C,n45,42.847966,-2.676557,1,11:24:33,11:54:33
2C,n45,42.847966,-2.676557,1,12:00:51,12:30:51
2C,n45,42.847966,-2.676557,1,12:39:34,13:09:34
2C,n45,42.847966,-2.676557,1,13:09:54,13:39:54
2C,n45,42.847966,-2.676557,1,13:41:38,14:41:38
2C,n45,42.847966,-2.676557,1,16:17:39,16:47:39
2C,n45,42.847966,-2.676557,1,16:56:22,17:11:22
2C,n45,42.847966,-2.676557,1,17:12:57,18:42:57
2C,n45,42.847966,-2.676557,1,18:59:34,19:14:34
2C,n45,42.847966,-2.676557,1,19:22:07,20:22:07
2C,n45,42.847966,-2.676557,2,10:02:12,10:17:12
2C,n45,42.847966,-2.676557,2,10:34:00,11:34:00
2C,n45,42.847966,-2.676557,2,11:57:00,12:12:00
2C,n45,42.847966,-2.676557,2,12:12:54,13:42:54
2C,n45,42.847966,-2.676557,2,13:53:19,14:53:19
2C,n45,42.847966,-2.676557,2,16:06:16,17:06:16
2C,n45,42.847966,-2.676557,2,17:07:31,18:37:31
2C,n45,42.847966,-2.676557,2,18:40:04,18:55:04
2C,n45,42.847966,-2.676557,2,19:01:48,19:16:48
2C,n45,42.847966,-2.676557,2,19:40:06,21:10:06
2C,n45,42.847966,-2.676557,3,10:06:23,11:06:23
2C,n45,42.847966,-2.676557,3,11:11:36,11:26:36
2C,n45,42.847966,-2.676557,3,11:27:35,12:27:35
2C,n45,42.847966,-2.676557,3,12:29:39,12:59:39
2C,n45,42.847966,-2.676557,3,13:11:25,13:26:25
2C,n45,42.847966,-2.676557,3,13:28:46,13:43:46
2C,n45,42.847966,-2.676557,3,13:52:32,14:07:32
2C,n45,42.847966,-2.676557,3,16:43:59,17:13:59
2C,n45,42.847966,-2.676557,3,17:19:50,17:49:50
2C,n45,42.847966,-2.676557,3,18:01:58,19:31:58
2C,n45,42.847966,-2.676557,3,19:32:27,19:47:27
2C,n45,42.847966,-2.676557,3,19:48:51,20:18:51
2C,n45,42.847966,-2.676557,4,10:32:27,11:32:27
2C,n45,42.847966,-2.676557,4,11:47:05,12:02:05
2C,n45,42.847966,-2.676557,4,12:04:34,13:04:34
2C,n45,42.847966,-2.676557,4,13:18:12,14:48:12
2C,n45,42.847966,-2.676557,4,16:29:19,16:44:19
2C,n45,42.847966,-2.676557,4,17:00:55,18:00:55
2C,n45,42.847966,-2.676557,4,18:00:59,18:15:59
2C,n45,42.847966,-2.676557,4,18:18:13,18:48:13
2C,n45,42.847966,-2.676557,4,18:54:36,20:24:36
2C,n46,42.848313,-2.678718,1,10:22:42,10:52:42
2C,n46,42.848313,-2.678718,1,10:53:30,11:08:30
2C,n46,42.848313,-2.678718,1,11:19:13,12:19:13
2C,n46,42.848313,-2.678718,1,12:20:07,12:35:07
2C,n46,42.848313,-2.678718,1,12:52:22,13:07:22
2C,n46,42.848313,-2.678718,1,13:17:01,14:47:01
2C,n46,42.848313,-2.678718,1,16:18:43,17:18:43
2C,n46,42.848313,-2.678718,1,17:20:41,18:20:41
2C,n46,42.848313,-2.678718,1,18:33:53,18:48:53
2C,n46,42.848313,-2.678718,1,18:53:30,19:23:30
2C,n46,42.848313,-2.678718,1,19:44:45,21:14:45
2C,n46,42.848313,-2.678718,2,10:02:17,11:02:17
2C,n46,42.848313,-2.678718,2,11:09:10,11:39:10
2C,n46,42.848313,-2.678718,2,11:40:20,12:10:20
2C,n46,42.848313,-2.678718,2,12:10:52,13:40:52
2C,n46,42.848313,-2.678718,2,13:44:14,14:14:14
2C,n46,42.848313,-2.678718,2,16:22:47,16:52:47
2C,n46,42.848313,-2.678718,2,17:08:59,18:08:59
2C,n46,42.848313,-2.678718,2,18:25:41,19:25:41
2C,n46,42.848313,-2.678718,2,19:40:24,20:40:24
2C,n46,42.848313,-2.678718,3,10:19:20,10:49:20
2C,n46,42.848313,-2.678718,3,11:01:29,11:31:29
2C,n46,42.848313,-2.678718,3,11:45:15,12:45:15
2C,n46,42.848313,-2.678718,3,12:46:25,13:16:25
2C,n46,42.848313,-2.678718,3,13:35:24,14:35:24
2C,n46,42.848313,-2.678718,3,16:00:39,17:00:39
2C,n46,42.848313,-2.678718,3,17:07:54,18:07:54
2C,n46,42.848313,-2.678718,3,18:09:47,19:09:47
2C,n46,42.848313,-2.678718,3,19:12:30,19:42:30
2C,n46,42.848313,-2.678718,3,19:42:46,20:42:46
2C,n46,42.848313,-2.678718,4,10:27:29,11:57:29
2C,n46,42.848313,-2.678718,4,12:06:03,12:36:03
2C,n46,42.848313,-2.678718,4,12:39:15,12:54:15
2C,n46,42.848313,-2.678718,4,13:05:05,13:35:05
2C,n46,42.848313,-2.678718,4,13:36:40,13:51:40
2C,n46,42.848313,-2.678718,4,13:57:15,14:27:15
2C,n46,42.848313,-2.678718,4,16:20:25,16:50:25
2C,n46,42.848313,-2.678718,4,17:01:46,17:16:46
2C,n46,42.848313,-2.678718,4,17:33:38,17:48:38
2C,n46,42.848313,-2.678718,4,18:00:45,19:30:45
2C,n46,42.848313,-2.678718,4,19:35:09,19:50:09
2C,n46,42.848313,-2.678718,4,19:57:30,20:12:30
2C,n47,42.847944,-2.678839,1,10:47:08,11:47:08
2C,n47,42.847944,-2.678839,1,12:03:45,13:03:45
2C,n47,42.847944,-2.678839,1,13:12:04,13:27:04
2C,n47,42.847944,-2.678839,1,13:33:59,14:33:59
2C,n47,42.847944,-2.678839,1,16:16:19,16:31:19
2C,n47,42.847944,-2.678839,1,16:33:47,17:33:47
2C,n47,42.847944,-2.678839,1,17:45:13,18:45:13
2C,n47,42.847944,-2.678839,1,18:49:26,19:04:26
2C,n47,42.847944,-2.678839,1,19:06:54,19:21:54
2C,n47,42.847944,-2.678839,1,19:28:17,19:58:17
2C,n47,42.847944,-2.678839,1,19:58:23,21:28:23
2C,n47,42.847944,-2.678839,2,10:03:23,10:33:23
2C,n47,42.847944,-2.678839,2,10:51:15,11:21:15
2C,n47,42.847944,-2.678839,2,11:22:40,11:52:40
2C,n47,42.847944,-2.678839,2,11:54:15,13:24:15
2C,n47,42.847944,-2.678839,2,13:33:29,15:03:29
2C,n47,42.847944,-2.678839,2,16:08:35,17:08:35
2C,n47,42.847944,-2.678839,2,17:16:04,18:16:04
2C,n47,42.847944,-2.678839,2,18:19:27,19:49:27
2C,n47,42.847944,-2.678839,2,19:50:01,20:05:01
2C,n47,42.847944,-2.678839,3,10:58:24,11:28:24
2C,n47,42.847944,-2.678839,3,11:53:57,12:08:57
2C,n47,42.847944,-2.678839,3,12:18:30,12:33:30
2C,n47,42.847944,-2.678839,3,12:45:25,14:15:25
2C,n47,42.847944,-2.678839,3,16:05:06,16:35:06
2C,n47,42.847944,-2.678839,3,16:46:48,17:16:48
2C,n47,42.847944,-2.678839,3,17:35:08,18:05:08
2C,n47,42.847944,-2.678839,3,18:09:41,18:24:41
2C,n47,42.847944,-2.678839,3,18:30:02,19:30:02
2C,n47,42.847944,-2.678839,3,19:43:07,20:43:07
2C,n47,42.847944,-2.678839,4,10:25:06,10:55:06
2C,n47,42.847944,-2.678839,4,11:00:27,12:00:27
2C,n47,42.847944,-2.678839,4,12:22:30,13:52:30
2C,n47,42.847944,-2.678839,4,13:55:29,14:25:29
2C,n47,42.847944,-2.678839,4,16:13:20,16:28:20
2C,n47,42.847944,-2.678839,4,16:47:49,17:47:49
2C,n47,42.847944,-2.678839,4,17:56:53,19:26:53
2C,n47,42.847944,-2.678839,4,19:40:07,19:55:07
2C,n47,42.847944,-2.678839,4,19:55:43,20:55:43
2C,n48,42.848255,-2.677798,1,10:12:14,10:42:14
2C,n48,42.848255,-2.677798,1,11:08:15,11:23:15
2C,n48,42.848255,-2.677798,1,11:29:59,11:44:59
2C,n48,42.848255,-2.677798,1,11:46:14,12:01:14
2C,n48,42.848255,-2.677798,1,12:03:14,12:18:14
2C,n48,42.848255,-2.677798,1,12:19:32,12:34:32
2C,n48,42.848255,-2.677798,1,12:38:26,13:08:26
2C,n48,42.848255,-2.677798,1,13:12:43,13:42:43
2C,n48,42.848255,-2.677798,1,13:43:14,14:13:14
2C,n48,42.848255,-2.677798,1,16:18:58,16:33:58
2C,n48,42.848255,-2.677798,1,16:43:12,16:58:12
2C,n48,42.848255,-2.677798,1,16:59:40,17:29:40
2C,n48,42.848255,-2.677798,1,17:59:12,18:14:12
2C,n48,42.848255,-2.677798,1,18:19:36,18:49:36
2C,n48,42.848255,-2.677798,1,19:02:13,20:02:13
2C,n48,42.848255,-2.677798,2,10:13:52,10:28:52
2C,n48,42.848255,-2.677798,2,10:57:18,11:12:18
2C,n48,42.848255,-2.677798,2,11:26:58,11:41:58
2C,n48,42.848255,-2.677798,2,11:55:18,12:10:18
2C,n48,42.848255,-2.677798,2,12:19:48,12:34:48
2C,n48,42.848255,-2.677798,2,13:04:48,13:19:48
2C,n48,42.848255,-2.677798,2,13:49:36,14:04:36
2C,n48,42.848255,-2.677798,2,16:21:02,17:51:02
2C,n48,42.848255,-2.677798,2,17:52:59,18:07:59
2C,n48,42.848255,-2.677798,2,18:13:25,19:43:25
2C,n48,42.848255,-2.677798,2,19:44:23,20:44:23
2C,n48,42.848255,-2.677798,3,10:36:47,12:06:47
2C,n48,42.848255,-2.677798,3,12:13:44,12:28:44
2C,n48,42.848255,-2.677798,3,12:32:54,14:02:54
2C,n48,42.848255,-2.677798,3,16:09:02,16:24:02
2C,n48,42.848255,-2.677798,3,16:31:32,16:46:32
2C,n48,42.848255,-2.677798,3,17:03:01,17:18:01
2C,n48,42.848255,-2.677798,3,17:27:11,17:57:11
2C,n48,42.848255,-2.677798,3,18:07:43,18:37:43
2C,n48,42.848255,-2.677798,3,18:47:31,19:47:31
2C,n48,42.848255,-2.677798,3,19:51:24,20:51:24
2C,n48,42.848255,-2.677798,4,10:18:48,10:48:48
2C,n48,42.848255,-2.677798,4,11:06:22,11:21:22
2C,n48,42.848255,-2.677798,4,11:26:23,12:26:23
2C,n48,42.848255,-2.677798,4,12:30:42,13:30:42
2C,n48,42.848255,-2.677798,4,13:39:39,15:09:39
2C,n48,42.848255,-2.677798,4,16:01:39,16:31:39
2C,n48,42.848255,-2.677798,4,16:48:05,18:18:05
2C,n48,42.848255,-2.677798,4,18:26:41,19:56:41
2C,n49,42.850177,-2.677765,1,10:06:56,10:21:56
2C,n49,42.850177,-2.677765,1,10:40:49,11:10:49
2C,n49,42.850177,-2.677765,1,11:18:46,11:48:46
2C,n49,42.850177,-2.677765,1,11:56:07,12:56:07
2C,n49,42.850177,-2.677765,1,12:58:29,13:28:29
2C,n49,42.850177,-2.677765,1,13:29:16,13:44:16
2C,n49,42.850177,-2.677765,1,13:49:33,14:49:33
2C,n49,42.850177,-2.677765,1,16:04:13,16:19:13
2C,n49,42.850177,-2.677765,1,16:54:08,17:09:08
2C,n49,42.850177,-2.677765,1,17:36:44,18:06:44
2C,n49,42.850177,-2.677765,1,18:15:15,18:30:15
2C,n49,42.850177,-2.677765,1,18:33:03,19:33:03
2C,n49,42.850177,-2.677765,1,19:45:33,20:15:33
2C,n49,42.850177,-2.677765,2,10:49:18,11:04:18
2C,n49,42.850177,-2.677765,2,11:14:31,12:14:31
2C,n49,42.850177,-2.677765,2,12:18:18,12:33:18
2C,n49,42.850177,-2.677765,2,12:46:19,13:16:19
2C,n49,42.850177,-2.677765,2,13:20:06,13:50:06
2C,n49,42.850177,-2.677765,2,13:54:09,14:24:09
2C,n49,42.850177,-2.677765,2,16:40:04,16:55:04
2C,n49,42.850177,-2.677765,2,16:58:06,17:58:06
2C,n49,42.850177,-2.677765,2,18:03:46,19:33:46
2C,n49,42.850177,-2.677765,2,19:39:33,19:54:33
2C,n49,42.850177,-2.677765,2,19:54:50,20:24:50
2C,n49,42.850177,-2.677765,3,10:09:33,11:09:33
2C,n49,42.850177,-2.677765,3,11:31:30,11:46:30
2C,n49,42.850177,-2.677765,3,11:48:13,12:03:13
2C,n49,42.850177,-2.677765,3,12:07:09,12:37:09
2C,n49,42.850177,-2.677765,3,12:38:58,14:08:58
2C,n49,42.850177,-2.677765,3,16:31:44,18:01:44
2C,n49,42.850177,-2.677765,3,18:22:45,19:22:45
2C,n49,42.850177,-2.677765,3,19:40:45,21:10:45
2C,n49,42.850177,-2.677765,4,10:14:24,11:14:24
2C,n49,42.850177,-2.677765,4,11:24:37,11:54:37
2C,n49,42.850177,-2.677765,4,12:14:02,13:44:02
2C,n49,42.850177,-2.677765,4,13:45:05,14:00:05
2C,n49,42.850177,-2.677765,4,16:02:26,16:32:26
2C,n49,42.850177,-2.677765,4,16:43:46,16:58:46
2C,n49,42.850177,-2.677765,4,17:07:08,17:22:08
2C,n49,42.850177,-2.677765,4,17:30:23,18:00:23
2C,n49,42.850177,-2.677765,4,18:18:05,18:48:05
2C,n49,42.850177,-2.677765,4,19:05:47,20:05:47
2C,n50,42.850349,-2.675315,1,10:35:13,12:05:13
2C,n50,42.850349,-2.675315,1,12:08:11,13:38:11
2C,n50,42.850349,-2.675315,1,13:38:30,13:53:30
2C,n50,42.850349,-2.675315,1,13:54:51,14:24:51
2C,n50,42.850349,-2.675315,1,16:39:22,16:54:22
2C,n50,42.850349,-2.675315,1,16:54:36,18:24:36
2C,n50,42.850349,-2.675315,1,18:28:24,19:58:24
2C,n50,42.850349,-2.675315,1,19:59:04,20:14:04
2C,n50,42.850349,-2.675315,2,10:55:21,11:55:21
2C,n50,42.850349,-2.675315,2,12:07:06,12:22:06
2C,n50,42.850349,-2.675315,2,12:33:39,13:33:39
2C,n50,42.850349,-2.675315,2,13:37:28,14:37:28
2C,n50,42.850349,-2.675315,2,16:20:03,16:50:03
2C,n50,42.850349,-2.675315,2,16:59:20,17:59:20
2C,n50,42.850349,-2.675315,2,18:21:36,19:21:36
2C,n50,42.850349,-2.675315,2,19:27:40,20:27:40
2C,n50,42.850349,-2.675315,3,10:12:02,10:42:02
2C,n50,42.850349,-2.675315,3,10:42:56,11:12:56
2C,n50,42.850349,-2.675315,3,11:16:47,11:46:47
2C,n50,42.850349,-2.675315,3,11:56:01,12:11:01
2C,n50,42.850349,-2.675315,3,12:24:25,12:54:25
2C,n50,42.850349,-2.675315,3,13:12:12,13:27:12
2C,n50,42.850349,-2.675315,3,13:28:13,14:28:13
2C,n50,42.850349,-2.675315,3,16:43:57,16:58:57
2C,n50,42.850349,-2.675315,3,17:03:12,18:33:12
2C,n50,42.850349,-2.675315,3,18:45:08,19:00:08
2C,n50,42.850349,-2.675315,3,19:07:41,19:22:41
2C,n50,42.850349,-2.675315,3,19:28:30,20:28:30
2C,n50,42.850349,-2.675315,4,10:02:37,11:32:37
2C,n50,42.850349,-2.675315,4,11:41:12,12:11:12
2C,n50,42.850349,-2.675315,4,12:13:43,12:28:43
2C,n50,42.850349,-2.675315,4,12:35:48,12:50:48
2C,n50,42.850349,-2.675315,4,12:53:15,13:23:15
2C,n50,42.850349,-2.675315,4,13:37:24,13:52:24
2C,n50,42.850349,-2.675315,4,13:53:23,14:53:23
2C,n50,42.850349,-2.675315,4,16:00:49,16:15:49
2C,n50,42.850349,-2.675315,4,16:18:41,16:33:41
2C,n50,42.850349,-2.675315,4,16:35:49,17:05:49
2C,n50,42.850349,-2.675315,4,17:13:20,17:28:20
2C,n50,42.850349,-2.675315,4,17:30:40,17:45:40
2C,n50,42.850349,-2.675315,4,18:07:15,18:37:15
2C,n50,42.850349,-2.675315,4,18:47:52,19:02:52
2C,n50,42.850349,-2.675315,4,19:04:22,19:19:22
2C,n50,42.850349,-2.675315,4,19:26:07,19:56:07
2C,n50,42.850349,-2.675315,4,19:57:07,20:27:07
